match_no,Batting position,Batsman,team,Run,Ball,4s,6s,out_by,,boundary runs
1,1,Devon Conway,Chennai Super Kings,1,6,0,0,Mohammed Shami,,0
1,2,Ruturaj Gaikwad,Chennai Super Kings,92,50,4,9,Alzarri Joseph,,70
1,3,Moeen Ali,Chennai Super Kings,23,17,4,1,Rashid Khan,,22
1,4,Ben Stokes,Chennai Super Kings,7,6,1,0,Rashid Khan,,4
1,5,Ambati Rayudu,Chennai Super Kings,12,12,0,1,Joshua Little,,6
1,6,Shivam Dube,Chennai Super Kings,19,18,0,1,Mohammed Shami,,6
1,7,Ravindra Jadeja,Chennai Super Kings,1,2,0,0,Alzarri Joseph,,0
1,8,MS Dhoni,Chennai Super Kings,14,7,1,1,Not Out,,10
1,9,Mitchell Santner,Chennai Super Kings,1,3,0,0,Not Out,,0
1,1,Wriddhiman Saha,Gujarat Titans,25,16,2,2,Rajvardhan Hangargekar,,20
1,2,Shubman Gill,Gujarat Titans,63,36,6,3,Tushar Deshpande,,42
1,3,Sai Sudharsan,Gujarat Titans,22,17,3,0,Rajvardhan Hangargekar,,12
1,4,Hardik Pandya,Gujarat Titans,8,11,0,0,Ravindra Jadeja,,0
1,5,Vijay Shankar,Gujarat Titans,27,21,2,1,Rajvardhan Hangargekar,,14
1,6,Rahul Tewatia,Gujarat Titans,15,14,1,1,Not Out,,10
1,7,Rashid Khan,Gujarat Titans,10,3,1,1,Not Out,,10
2,1,Prabhsimran Singh,Punjab Kings,23,12,2,2,Tim Southee,,20
2,2,Shikhar Dhawan,Punjab Kings,40,29,6,0,Varun Chakaravarthy,,24
2,3,Bhanuka Rajapaksa,Punjab Kings,50,32,5,2,Umesh Yadav,,32
2,4,Jitesh Sharma,Punjab Kings,21,11,1,2,Tim Southee,,16
2,5,Sikandar Raza,Punjab Kings,16,13,1,1,Sunil Narine,,10
2,6,Sam Curran,Punjab Kings,26,17,0,2,Not Out,,12
2,7,Shahrukh Khan,Punjab Kings,11,7,2,0,Not Out,,8
2,1,Mandeep Singh,Kolkata Knight Riders,2,4,0,0,Arshdeep Singh,,0
2,2,Rahmanullah Gurbaz,Kolkata Knight Riders,22,16,3,1,Nathan Ellis,,18
2,3,Anukul Roy,Kolkata Knight Riders,4,5,1,0,Arshdeep Singh,,4
2,4,Venkatesh Iyer,Kolkata Knight Riders,34,28,3,1,Arshdeep Singh,,18
2,5,Nitish Rana,Kolkata Knight Riders,24,17,3,1,Sikandar Raza,,18
2,6,Rinku Singh,Kolkata Knight Riders,4,4,0,0,Rahul Chahar,,0
2,7,Andre Russell,Kolkata Knight Riders,35,19,3,2,Sam Curran,,24
2,8,Shardul Thakur,Kolkata Knight Riders,8,3,0,1,Not Out,,6
2,9,Sunil Narine,Kolkata Knight Riders,7,2,0,1,Not Out,,6
3,1,KL Rahul,Lucknow Super Giants,8,12,0,1,Chetan Sakariya,,6
3,2,Kyle Mayers,Lucknow Super Giants,73,38,2,7,Axar Patel,,50
3,3,Deepak Hooda,Lucknow Super Giants,17,18,0,0,Kuldeep Yadav,,0
3,4,Krunal Pandya,Lucknow Super Giants,15,13,0,1,Not Out,,6
3,5,Marcus Stoinis,Lucknow Super Giants,12,10,0,1,Khaleel Ahmed,,6
3,6,Nicholas Pooran,Lucknow Super Giants,36,21,2,3,Khaleel Ahmed,,26
3,7,Ayush Badoni,Lucknow Super Giants,18,7,1,2,Chetan Sakariya,,16
3,8,Krishnappa Gowtham,Lucknow Super Giants,6,1,0,1,Not Out,,6
3,1,Prithvi Shaw,Delhi Capitals,12,9,2,0,Mark Wood,,8
3,2,David Warner,Delhi Capitals,56,48,7,0,Avesh Khan,,28
3,3,Mitchell Marsh,Delhi Capitals,0,1,0,0,Mark Wood,,0
3,4,Sarfaraz Khan,Delhi Capitals,4,9,1,0,Mark Wood,,4
3,5,Rilee Rossouw,Delhi Capitals,30,20,3,1,Avesh Khan,,18
3,6,Rovman Powell,Delhi Capitals,1,3,0,0,Avesh Khan,,0
3,7,Aman Hakim Khan,Delhi Capitals,4,5,0,0,Avesh Khan,,0
3,8,Axar Patel,Delhi Capitals,16,11,1,1,Mark Wood,,10
3,9,Kuldeep Yadav,Delhi Capitals,6,10,0,0,Not Out,,0
3,10,Chetan Sakariya,Delhi Capitals,4,4,1,0,Mark Wood,,4
3,11,Mukesh Kumar,Delhi Capitals,0,1,0,0,Not Out,,0
4,1,Yashasvi Jaiswal,Rajasthan Royals,54,37,9,0,Fazalhaq Farooqi,,36
4,2,Jos Buttler,Rajasthan Royals,54,22,7,3,Fazalhaq Farooqi,,46
4,3,Sanju Samson,Rajasthan Royals,55,32,3,4,T Natarajan,,36
4,4,Devdutt Padikkal,Rajasthan Royals,2,5,0,0,Umran Malik,,0
4,5,Riyan Parag,Rajasthan Royals,7,6,1,0,T Natarajan,,4
4,6,Shimron Hetmyer,Rajasthan Royals,22,16,1,1,Not Out,,10
4,7,Ravichandran Ashwin,Rajasthan Royals,1,2,0,0,Not Out,,0
4,1,Abhishek Sharma,Sunrisers Hyderabad,0,3,0,0,Trent Boult,,0
4,2,Mayank Agarwal,Sunrisers Hyderabad,27,23,3,0,Yuzvendra Chahal,,12
4,3,Rahul Tripathi,Sunrisers Hyderabad,0,2,0,0,Trent Boult,,0
4,4,Harry Brook,Sunrisers Hyderabad,13,21,1,0,Yuzvendra Chahal,,4
4,5,Washington Sundar,Sunrisers Hyderabad,1,5,0,0,Jason Holder,,0
4,6,Glenn Phillips,Sunrisers Hyderabad,8,6,0,1,Ravichandran Ashwin,,6
4,7,Abdul Samad,Sunrisers Hyderabad,32,32,2,1,Not Out,,14
4,8,Adil Rashid,Sunrisers Hyderabad,18,13,1,1,Yuzvendra Chahal,,10
4,9,Bhuvneshwar Kumar,Sunrisers Hyderabad,6,10,0,0,Yuzvendra Chahal,,0
4,10,Umran Malik,Sunrisers Hyderabad,19,8,1,2,Not Out,,16
5,1,Rohit Sharma,Mumbai Indians,1,10,0,0,Akash Deep,,0
5,2,Ishan Kishan,Mumbai Indians,10,13,2,0,Mohammed Siraj,,8
5,3,Cameron Green,Mumbai Indians,5,4,1,0,Reece Topley,,4
5,4,Suryakumar Yadav,Mumbai Indians,15,16,1,0,Michael Bracewell,,4
5,5,Tilak Varma,Mumbai Indians,84,46,9,4,Not Out,,60
5,6,Nehal Wadhera,Mumbai Indians,21,13,1,2,Karn Sharma,,16
5,7,Tim David,Mumbai Indians,4,7,0,0,Karn Sharma,,0
5,8,Hrithik Shokeen,Mumbai Indians,5,3,1,0,Harshal Patel,,4
5,9,Arshad Khan,Mumbai Indians,15,9,0,1,Not Out,,6
5,1,Virat Kohli,Royal Challengers Bangalore,82,49,6,5,Not Out,,54
5,2,Faf du Plessis,Royal Challengers Bangalore,73,43,5,6,Arshad Khan,,56
5,3,Dinesh Karthik,Royal Challengers Bangalore,0,3,0,0,Cameron Green,,0
5,4,Glenn Maxwell,Royal Challengers Bangalore,12,3,0,2,Not Out,,12
6,1,Ruturaj Gaikwad,Chennai Super Kings,57,31,3,4,Ravi Bishnoi,,36
6,2,Devon Conway,Chennai Super Kings,47,29,5,2,Mark Wood,,32
6,3,Shivam Dube,Chennai Super Kings,27,16,1,3,Ravi Bishnoi,,22
6,4,Moeen Ali,Chennai Super Kings,19,13,3,0,Ravi Bishnoi,,12
6,5,Ben Stokes,Chennai Super Kings,8,8,1,0,Avesh Khan,,4
6,6,Ambati Rayudu,Chennai Super Kings,27,14,2,2,Not Out,,20
6,7,Ravindra Jadeja,Chennai Super Kings,3,6,0,0,Mark Wood,,0
6,8,MS Dhoni,Chennai Super Kings,12,3,0,2,Mark Wood,,12
6,9,Mitchell Santner,Chennai Super Kings,1,1,0,0,Not Out,,0
6,1,KL Rahul,Lucknow Super Giants,20,18,2,0,Moeen Ali,,8
6,2,Kyle Mayers,Lucknow Super Giants,53,22,8,2,Moeen Ali,,44
6,3,Deepak Hooda,Lucknow Super Giants,2,6,0,0,Mitchell Santner,,0
6,4,Krunal Pandya,Lucknow Super Giants,9,9,0,1,Moeen Ali,,6
6,5,Marcus Stoinis,Lucknow Super Giants,21,18,0,1,Moeen Ali,,6
6,6,Nicholas Pooran,Lucknow Super Giants,32,18,2,3,Tushar Deshpande,,26
6,7,Ayush Badoni,Lucknow Super Giants,23,18,0,0,Tushar Deshpande,,0
6,8,Krishnappa Gowtham,Lucknow Super Giants,17,11,0,1,Not Out,,6
6,9,Mark Wood,Lucknow Super Giants,10,3,1,1,Not Out,,10
7,1,David Warner,Delhi Capitals,37,32,7,0,Alzarri Joseph,,28
7,2,Prithvi Shaw,Delhi Capitals,7,5,1,0,Mohammed Shami,,4
7,3,Mitchell Marsh,Delhi Capitals,4,4,1,0,Mohammed Shami,,4
7,4,Sarfaraz Khan,Delhi Capitals,20,24,2,0,Rashid Khan,,8
7,5,Rilee Rossouw,Delhi Capitals,0,1,0,0,Alzarri Joseph,,0
7,6,Abishek Porel,Delhi Capitals,20,11,0,0,Rashid Khan,,0
7,7,Axar Patel,Delhi Capitals,36,22,2,0,Mohammed Shami,,8
7,8,Aman Hakim Khan,Delhi Capitals,8,8,0,1,Rashid Khan,,6
7,9,Kuldeep Yadav,Delhi Capitals,1,1,0,0,Not Out,,0
7,10,Anrich Nortje,Delhi Capitals,4,2,1,0,Not Out,,4
7,1,Wriddhiman Saha,Gujarat Titans,14,7,2,1,Anrich Nortje,,14
7,2,Shubman Gill,Gujarat Titans,14,13,3,0,Anrich Nortje,,12
7,3,Sai Sudharsan,Gujarat Titans,62,48,4,2,Not Out,,28
7,4,Hardik Pandya,Gujarat Titans,5,4,1,0,Khaleel Ahmed,,4
7,5,Vijay Shankar,Gujarat Titans,29,23,3,0,Mitchell Marsh,,12
7,6,David Miller,Gujarat Titans,31,16,2,2,Not Out,,20
8,1,Prabhsimran Singh,Punjab Kings,60,34,7,3,Jason Holder,,46
8,2,Shikhar Dhawan,Punjab Kings,86,56,9,3,Not Out,,54
8,3,Bhanuka Rajapaksa,Punjab Kings,1,1,0,0,retd hurt(Not Out),,0
8,4,Jitesh Sharma,Punjab Kings,27,16,2,1,Yuzvendra Chahal,,14
8,5,Sikandar Raza,Punjab Kings,1,2,0,0,Ravichandran Ashwin,,0
8,6,Shahrukh Khan,Punjab Kings,11,10,1,0,Jason Holder,,4
8,7,Sam Curran,Punjab Kings,1,2,0,0,Not Out,,0
8,1,Yashasvi Jaiswal,Rajasthan Royals,11,8,1,1,Arshdeep Singh,,10
8,2,Ravichandran Ashwin,Rajasthan Royals,0,4,0,0,Arshdeep Singh,,0
8,3,Jos Buttler,Rajasthan Royals,19,11,1,1,Nathan Ellis,,10
8,4,Sanju Samson,Rajasthan Royals,42,25,5,1,Nathan Ellis,,26
8,5,Devdutt Padikkal,Rajasthan Royals,21,26,1,0,Nathan Ellis,,4
8,6,Riyan Parag,Rajasthan Royals,20,12,1,2,Nathan Ellis,,16
8,7,Shimron Hetmyer,Rajasthan Royals,36,18,1,3,Run Out,,22
8,8,Dhruv Jurel,Rajasthan Royals,32,15,3,2,Not Out,,24
8,9,Jason Holder,Rajasthan Royals,1,1,0,0,Not Out,,0
9,1,Rahmanullah Gurbaz,Kolkata Knight Riders,57,44,6,3,Karn Sharma,,42
9,2,Venkatesh Iyer,Kolkata Knight Riders,3,7,0,0,David Willey,,0
9,3,Mandeep Singh,Kolkata Knight Riders,0,1,0,0,David Willey,,0
9,4,Nitish Rana,Kolkata Knight Riders,1,5,0,0,Michael Bracewell,,0
9,5,Rinku Singh,Kolkata Knight Riders,46,33,2,3,Harshal Patel,,26
9,6,Andre Russell,Kolkata Knight Riders,0,1,0,0,Karn Sharma,,0
9,7,Shardul Thakur,Kolkata Knight Riders,68,29,9,3,Mohammed Siraj,,54
9,8,Sunil Narine,Kolkata Knight Riders,0,1,0,0,Not Out,,0
9,9,Umesh Yadav,Kolkata Knight Riders,6,2,1,0,Not Out,,4
9,1,Virat Kohli,Royal Challengers Bangalore,21,18,3,0,Sunil Narine,,12
9,2,Faf du Plessis,Royal Challengers Bangalore,23,12,2,2,Varun Chakaravarthy,,20
9,3,Michael Bracewell,Royal Challengers Bangalore,19,18,1,1,Shardul Thakur,,10
9,4,Glenn Maxwell,Royal Challengers Bangalore,5,7,1,0,Varun Chakaravarthy,,4
9,5,Harshal Patel,Royal Challengers Bangalore,0,2,0,0,Varun Chakaravarthy,,0
9,6,Shahbaz Ahmed,Royal Challengers Bangalore,1,5,0,0,Sunil Narine,,0
9,7,Dinesh Karthik,Royal Challengers Bangalore,9,8,1,0,Suyash Sharma,,4
9,8,Anuj Rawat,Royal Challengers Bangalore,1,5,0,0,Suyash Sharma,,0
9,9,David Willey,Royal Challengers Bangalore,20,20,2,0,Not Out,,8
9,10,Karn Sharma,Royal Challengers Bangalore,1,3,0,0,Suyash Sharma,,0
9,11,Akash Deep,Royal Challengers Bangalore,17,8,2,1,Varun Chakaravarthy,,14
10,1,Anmolpreet Singh,Sunrisers Hyderabad,31,26,3,1,Krunal Pandya,,18
10,2,Mayank Agarwal,Sunrisers Hyderabad,8,7,1,0,Krunal Pandya,,4
10,3,Rahul Tripathi,Sunrisers Hyderabad,35,41,4,0,Yash Thakur,,16
10,4,Aiden Markram,Sunrisers Hyderabad,0,1,0,0,Krunal Pandya,,0
10,5,Harry Brook,Sunrisers Hyderabad,3,4,0,0,Ravi Bishnoi,,0
10,6,Washington Sundar,Sunrisers Hyderabad,16,28,0,0,Amit Mishra,,0
10,7,Abdul Samad,Sunrisers Hyderabad,21,10,1,2,Not Out,,16
10,8,Adil Rashid,Sunrisers Hyderabad,4,3,1,0,Amit Mishra,,4
10,9,Umran Malik,Sunrisers Hyderabad,0,0,0,0,Run Out,,0
10,10,Bhuvneshwar Kumar,Sunrisers Hyderabad,0,0,0,0,Not Out,,0
10,1,Kyle Mayers,Lucknow Super Giants,13,14,2,0,Fazalhaq Farooqi,,8
10,2,KL Rahul,Lucknow Super Giants,35,31,4,0,Adil Rashid,,16
10,3,Deepak Hooda,Lucknow Super Giants,7,8,0,1,Bhuvneshwar Kumar,,6
10,4,Krunal Pandya,Lucknow Super Giants,34,23,4,1,Umran Malik,,22
10,5,Marcus Stoinis,Lucknow Super Giants,10,13,2,0,Not Out,,8
10,6,Romario Shepherd,Lucknow Super Giants,0,1,0,0,Adil Rashid,,0
10,7,Nicholas Pooran,Lucknow Super Giants,11,6,1,1,Not Out,,10
11,1,Yashasvi Jaiswal,Rajasthan Royals,60,31,11,1,Mukesh Kumar,,50
11,2,Jos Buttler,Rajasthan Royals,79,51,11,1,Mukesh Kumar,,50
11,3,Sanju Samson,Rajasthan Royals,0,4,0,0,Kuldeep Yadav,,0
11,4,Riyan Parag,Rajasthan Royals,7,11,0,0,Rovman Powell,,0
11,5,Shimron Hetmyer,Rajasthan Royals,39,21,1,4,Not Out,,28
11,6,Dhruv Jurel,Rajasthan Royals,8,3,0,1,Not Out,,6
11,1,Prithvi Shaw,Delhi Capitals,0,3,0,0,Trent Boult,,0
11,2,David Warner,Delhi Capitals,65,55,7,0,Yuzvendra Chahal,,28
11,3,Manish Pandey,Delhi Capitals,0,1,0,0,Trent Boult,,0
11,4,Rilee Rossouw,Delhi Capitals,14,12,2,0,Ravichandran Ashwin,,8
11,5,Lalit Yadav,Delhi Capitals,38,24,5,0,Trent Boult,,20
11,6,Axar Patel,Delhi Capitals,2,6,0,0,Yuzvendra Chahal,,0
11,7,Rovman Powell,Delhi Capitals,2,2,0,0,Ravichandran Ashwin,,0
11,8,Abishek Porel,Delhi Capitals,7,9,1,0,Yuzvendra Chahal,,4
11,9,Kuldeep Yadav,Delhi Capitals,3,7,0,0,Not Out,,0
11,10,Anrich Nortje,Delhi Capitals,0,1,0,0,Sandeep Sharma,,0
11,11,Mukesh Kumar,Delhi Capitals,1,1,0,0,Not Out,,0
12,1,Rohit Sharma,Mumbai Indians,21,13,3,1,Tushar Deshpande,,18
12,2,Ishan Kishan,Mumbai Indians,32,21,5,0,Ravindra Jadeja,,20
12,3,Cameron Green,Mumbai Indians,12,11,1,0,Ravindra Jadeja,,4
12,4,Suryakumar Yadav,Mumbai Indians,1,2,0,0,Mitchell Santner,,0
12,5,Tilak Varma,Mumbai Indians,22,18,2,1,Ravindra Jadeja,,14
12,6,Arshad Khan,Mumbai Indians,2,4,0,0,Mitchell Santner,,0
12,7,Tim David,Mumbai Indians,31,22,1,2,Tushar Deshpande,,16
12,8,Tristan Stubbs,Mumbai Indians,5,10,0,0,Sisanda Magala,,0
12,9,Hrithik Shokeen,Mumbai Indians,18,13,3,0,Not Out,,12
12,10,Piyush Chawla,Mumbai Indians,5,6,0,0,Not Out,,0
12,1,Devon Conway,Chennai Super Kings,0,4,0,0,Jason Behrendorff,,0
12,2,Ruturaj Gaikwad,Chennai Super Kings,40,36,2,1,Not Out,,14
12,3,Ajinkya Rahane,Chennai Super Kings,61,27,7,3,Piyush Chawla,,46
12,4,Shivam Dube,Chennai Super Kings,28,26,2,1,Kumar Kartikeya,,14
12,5,Ambati Rayudu,Chennai Super Kings,20,16,3,0,Not Out,,12
13,1,Wriddhiman Saha,Gujarat Titans,17,17,3,0,Sunil Narine,,12
13,2,Shubman Gill,Gujarat Titans,39,31,5,0,Sunil Narine,,20
13,3,Sai Sudharsan,Gujarat Titans,53,38,3,2,Sunil Narine,,24
13,4,Abhinav Manohar,Gujarat Titans,14,8,3,0,Suyash Sharma,,12
13,5,Vijay Shankar,Gujarat Titans,63,24,4,5,Not Out,,46
13,6,David Miller,Gujarat Titans,2,3,0,0,Not Out,,0
13,1,Rahmanullah Gurbaz ,Kolkata Knight Riders,15,12,1,1,Mohammed Shami,,10
13,2,N Jagadeesan,Kolkata Knight Riders,6,8,1,0,Joshua Little,,4
13,3,Venkatesh Iyer,Kolkata Knight Riders,83,40,8,5,Alzarri Joseph,,62
13,4,Nitish Rana,Kolkata Knight Riders,45,29,4,3,Alzarri Joseph,,34
13,5,Rinku Singh,Kolkata Knight Riders,48,21,1,6,Not Out,,40
13,6,Andre Russell,Kolkata Knight Riders,1,2,0,0,Rashid Khan,,0
13,7,Sunil Narine,Kolkata Knight Riders,0,1,0,0,Rashid Khan,,0
13,8,Shardul Thakur,Kolkata Knight Riders,0,1,0,0,Rashid Khan,,0
13,9,Umesh Yadav,Kolkata Knight Riders,5,6,0,0,Not Out,,0
14,1,Prabhsimran Singh,Punjab Kings,0,1,0,0,Bhuvneshwar Kumar,,0
14,2,Shikhar Dhawan,Punjab Kings,99,66,12,5,Not Out,,78
14,3,Matthew Short,Punjab Kings,1,3,0,0,Marco Jansen,,0
14,4,Jitesh Sharma ,Punjab Kings,4,9,1,0,Marco Jansen,,4
14,5,Sam Curran,Punjab Kings,22,15,3,1,Mayank Markande,,18
14,6,Sikandar Raza,Punjab Kings,5,6,0,0,Umran Malik,,0
14,7,Shahrukh Khan,Punjab Kings,4,3,1,0,Mayank Markande,,4
14,8,Harpreet Brar,Punjab Kings,1,2,0,0,Umran Malik,,0
14,9,Rahul Chahar,Punjab Kings,0,8,0,0,Mayank Markande,,0
14,10,Nathan Ellis,Punjab Kings,0,5,0,0,Mayank Markande,,0
14,11,Mohit Rathee,Punjab Kings,1,2,0,0,Not Out,,0
14,1,Harry Brook,Sunrisers Hyderabad,13,14,3,0,Arshdeep Singh,,12
14,2,Mayank Agarwal,Sunrisers Hyderabad,21,20,3,0,Rahul Chahar,,12
14,3,Rahul Tripathi,Sunrisers Hyderabad,74,48,10,3,Not Out,,58
14,4,Aiden Markram,Sunrisers Hyderabad,37,21,6,0,Not Out,,24
15,1,Virat Kohli,Royal Challengers Bangalore,61,44,4,4,Amit Mishra,,40
15,2,Faf du Plessis,Royal Challengers Bangalore,79,46,5,5,Not Out,,50
15,3,Glenn Maxwell,Royal Challengers Bangalore,59,29,3,6,Mark Wood,,48
15,4,Dinesh Karthik,Royal Challengers Bangalore,1,1,0,0,Not Out,,0
15,1,Kyle Mayers,Lucknow Super Giants,0,3,0,0,Mohammed Siraj,,0
15,2,KL Rahul,Lucknow Super Giants,18,20,1,0,Mohammed Siraj,,4
15,3,Deepak Hooda,Lucknow Super Giants,9,10,1,0,Wayne Parnell,,4
15,4,Krunal Pandya,Lucknow Super Giants,0,2,0,0,Wayne Parnell,,0
15,5,Marcus Stoinis,Lucknow Super Giants,65,30,6,5,Karn Sharma,,54
15,6,Nicholas Pooran,Lucknow Super Giants,62,19,4,7,Mohammed Siraj,,58
15,7,Ayush Badoni,Lucknow Super Giants,30,24,4,0,Wayne Parnell,,16
15,8,Jaydev Unadkat,Lucknow Super Giants,9,7,1,0,Harshal Patel,,4
15,9,Mark Wood,Lucknow Super Giants,1,2,0,0,Harshal Patel,,0
15,10,Ravi Bishnoi,Lucknow Super Giants,3,2,0,0,Not Out,,0
15,11,Avesh Khan,Lucknow Super Giants,0,1,0,0,Not Out,,0
16,1,Rohit Sharma,Mumbai Indians,65,45,6,4,Mustafizur Rahman,,48
16,2,Ishan Kishan,Mumbai Indians,31,26,6,0,Run Out,,24
16,3,Tilak Varma,Mumbai Indians,41,29,1,4,Mukesh Kumar,,28
16,4,Suryakumar Yadav,Mumbai Indians,0,1,0,0,Mukesh Kumar,,0
16,5,Tim David,Mumbai Indians,13,11,0,1,Not Out,,6
16,6,Cameron Green,Mumbai Indians,17,8,1,1,Not Out,,10
16,1,David Warner,Delhi Capitals,51,47,6,0,Jason Behrendorff,,24
16,2,Prithvi Shaw,Delhi Capitals,15,10,3,0,Hrithik Shokeen,,12
16,3,Manish Pandey,Delhi Capitals,26,18,5,0,Piyush Chawla,,20
16,4,Yash Dhull,Delhi Capitals,2,4,0,0,Riley Meredith,,0
16,5,Rovman Powell,Delhi Capitals,4,4,1,0,Piyush Chawla,,4
16,6,Lalit Yadav,Delhi Capitals,2,4,0,0,Piyush Chawla,,0
16,7,Axar Patel,Delhi Capitals,54,25,4,5,Jason Behrendorff,,46
16,8,Abishek Porel,Delhi Capitals,1,3,0,0,Jason Behrendorff,,0
16,9,Kuldeep Yadav,Delhi Capitals,0,1,0,0,Not Out,,0
16,10,Anrich Nortje,Delhi Capitals,5,3,1,0,Riley Meredith,,4
16,11,Mustafizur Rahman,Delhi Capitals,1,1,0,0,Not Out,,0
17,1,Yashasvi Jaiswal,Rajasthan Royals,10,8,2,0,Tushar Deshpande,,8
17,2,Jos Buttler,Rajasthan Royals,52,36,1,3,Moeen Ali,,22
17,3,Devdutt Padikkal,Rajasthan Royals,38,26,5,0,Ravindra Jadeja,,20
17,4,Sanju Samson,Rajasthan Royals,0,2,0,0,Ravindra Jadeja,,0
17,5,Ravichandran Ashwin,Rajasthan Royals,30,22,1,2,Akash Singh,,16
17,6,Shimron Hetmyer,Rajasthan Royals,30,18,2,2,Not Out,,20
17,7,Dhruv Jurel,Rajasthan Royals,4,6,0,0,Akash Singh,,0
17,8,Jason Holder,Rajasthan Royals,0,1,0,0,Tushar Deshpande,,0
17,9,Adam Zampa,Rajasthan Royals,1,1,0,0,Run Out,,0
17,1,Ruturaj Gaikwad,Chennai Super Kings,8,10,1,0,Sandeep Sharma,,4
17,2,Devon Conway,Chennai Super Kings,50,38,6,0,Yuzvendra Chahal,,24
17,3,Ajinkya Rahane,Chennai Super Kings,31,19,2,1,Ravichandran Ashwin,,14
17,4,Shivam Dube,Chennai Super Kings,8,9,1,0,Ravichandran Ashwin,,4
17,5,Moeen Ali,Chennai Super Kings,7,10,0,0,Adam Zampa,,0
17,6,Ambati Rayudu,Chennai Super Kings,1,2,0,0,Yuzvendra Chahal,,0
17,7,Ravindra Jadeja,Chennai Super Kings,25,15,1,2,Not Out,,16
17,8,MS Dhoni,Chennai Super Kings,32,17,1,3,Not Out,,22
18,1,Prabhsimran Singh,Punjab Kings,0,2,0,0,Mohammed Shami,,0
18,2,Shikhar Dhawan,Punjab Kings,8,8,2,0,Joshua Little,,8
18,3,Matthew Short,Punjab Kings,36,24,6,1,Rashid Khan,,30
18,4,Bhanuka Rajapaksa,Punjab Kings,20,26,1,0,Alzarri Joseph,,4
18,5,Jitesh Sharma ,Punjab Kings,25,23,5,0,Mohit Sharma,,20
18,6,Sam Curran,Punjab Kings,22,22,1,1,Mohit Sharma,,10
18,7,Shahrukh Khan,Punjab Kings,22,9,1,2,Run Out,,16
18,8,Harpreet Brar,Punjab Kings,8,5,0,1,Not Out,,6
18,9,Rishi Dhawan,Punjab Kings,1,1,0,0,Run Out,,0
18,1,Wriddhiman Saha,Gujarat Titans,30,19,5,0,Kagiso Rabada,,20
18,2,Shubman Gill,Gujarat Titans,67,49,7,1,Sam Curran,,34
18,3,Sai Sudharsan,Gujarat Titans,19,20,2,0,Arshdeep Singh,,8
18,4,Hardik Pandya,Gujarat Titans,8,11,1,0,Harpreet Brar,,4
18,5,David Miller,Gujarat Titans,17,18,1,0,Not Out,,4
18,6,Rahul Tewatia,Gujarat Titans,5,2,1,0,Not Out,,4
19,1,Harry Brook,Sunrisers Hyderabad,100,55,12,3,Not Out,,66
19,2,Mayank Agarwal,Sunrisers Hyderabad,9,13,0,0,Andre Russell,,0
19,3,Rahul Tripathi,Sunrisers Hyderabad,9,4,2,0,Andre Russell,,8
19,4,Aiden Markram,Sunrisers Hyderabad,50,26,2,5,Varun Chakaravarthy,,38
19,5,Abhishek Sharma,Sunrisers Hyderabad,32,17,3,2,Andre Russell,,24
19,6,Heinrich Klaasen,Sunrisers Hyderabad,16,6,2,1,Not Out,,14
19,1,Rahmanullah Gurbaz ,Kolkata Knight Riders,0,3,0,0,Bhuvneshwar Kumar,,0
19,2,N Jagadeesan,Kolkata Knight Riders,36,21,5,1,Mayank Markande,,26
19,3,Venkatesh Iyer,Kolkata Knight Riders,10,11,2,0,Marco Jansen,,8
19,4,Sunil Narine,Kolkata Knight Riders,0,1,0,0,Marco Jansen,,0
19,5,Nitish Rana,Kolkata Knight Riders,75,41,5,6,T Natarajan,,56
19,6,Andre Russell,Kolkata Knight Riders,3,6,0,0,Mayank Markande,,0
19,7,Rinku Singh,Kolkata Knight Riders,58,31,4,4,Not Out,,40
19,8,Shardul Thakur,Kolkata Knight Riders,12,7,2,0,Umran Malik,,8
19,9,Umesh Yadav,Kolkata Knight Riders,1,1,0,0,Not Out,,0
20,1,Virat Kohli,Royal Challengers Bangalore,50,34,6,1,Lalit Yadav,,30
20,2,Faf du Plessis,Royal Challengers Bangalore,22,16,3,1,Mitchell Marsh,,18
20,3,Mahipal Lomror,Royal Challengers Bangalore,26,18,0,2,Mitchell Marsh,,12
20,4,Glenn Maxwell,Royal Challengers Bangalore,24,14,0,3,Kuldeep Yadav,,18
20,5,Harshal Patel,Royal Challengers Bangalore,6,4,0,1,Axar Patel,,6
20,6,Shahbaz Ahmed,Royal Challengers Bangalore,20,12,3,0,Not Out,,12
20,7,Dinesh Karthik,Royal Challengers Bangalore,0,1,0,0,Kuldeep Yadav,,0
20,8,Anuj Rawat,Royal Challengers Bangalore,15,22,1,0,Not Out,,4
20,1,David Warner,Delhi Capitals,19,13,4,0,Vijaykumar Vyshak,,16
20,2,Prithvi Shaw,Delhi Capitals,0,2,0,0,Run Out,,0
20,3,Mitchell Marsh,Delhi Capitals,0,4,0,0,Wayne Parnell,,0
20,4,Yash Dhull,Delhi Capitals,1,4,0,0,Mohammed Siraj,,0
20,5,Manish Pandey,Delhi Capitals,50,38,5,1,Wanindu Hasaranga,,26
20,6,Abishek Porel,Delhi Capitals,5,8,0,0,Harshal Patel,,0
20,7,Axar Patel,Delhi Capitals,21,14,3,0,Vijaykumar Vyshak,,12
20,8,Aman Hakim Khan,Delhi Capitals,18,10,1,1,Mohammed Siraj,,10
20,9,Lalit Yadav,Delhi Capitals,4,7,0,0,Vijaykumar Vyshak,,0
20,10,Anrich Nortje,Delhi Capitals,23,14,4,0,Not Out,,16
20,11,Kuldeep Yadav,Delhi Capitals,7,6,1,0,Not Out,,4
21,1,KL Rahul,Lucknow Super Giants,74,56,8,1,Arshdeep Singh,,38
21,2,Kyle Mayers,Lucknow Super Giants,29,23,1,3,Harpreet Brar,,22
21,3,Deepak Hooda,Lucknow Super Giants,2,3,0,0,Sikandar Raza,,0
21,4,Krunal Pandya,Lucknow Super Giants,18,17,2,0,Kagiso Rabada,,8
21,5,Nicholas Pooran,Lucknow Super Giants,0,1,0,0,Kagiso Rabada,,0
21,6,Marcus Stoinis,Lucknow Super Giants,15,11,0,2,Sam Curran,,12
21,7,Ayush Badoni,Lucknow Super Giants,5,6,0,0,Not Out,,0
21,8,Krishnappa Gowtham,Lucknow Super Giants,1,2,0,0,Sam Curran,,0
21,9,Yudhvir Singh,Lucknow Super Giants,0,1,0,0,Sam Curran,,0
21,10,Ravi Bishnoi,Lucknow Super Giants,3,1,0,0,Not Out,,0
21,1,Atharva Taide,Punjab Kings,0,3,0,0,Yudhvir Singh,,0
21,2,Prabhsimran Singh,Punjab Kings,4,4,1,0,Yudhvir Singh,,4
21,3,Matthew Short,Punjab Kings,34,22,5,1,Krishnappa Gowtham,,26
21,4,Harpreet Singh Bhatia,Punjab Kings,22,22,3,0,Krunal Pandya,,12
21,5,Sikandar Raza,Punjab Kings,57,41,4,3,Ravi Bishnoi,,34
21,6,Sam Curran,Punjab Kings,6,6,1,0,Ravi Bishnoi,,4
21,7,Jitesh Sharma,Punjab Kings,2,4,0,0,Mark Wood,,0
21,8,Shahrukh Khan,Punjab Kings,23,10,1,2,Not Out,,16
21,9,Harpreet Brar,Punjab Kings,6,4,1,0,Mark Wood,,4
21,10,Kagiso Rabada,Punjab Kings,0,1,0,0,Not Out,,0
22,1,Rahmanullah Gurbaz ,Kolkata Knight Riders,8,12,0,0,Piyush Chawla,,0
22,2,N Jagadeesan,Kolkata Knight Riders,0,5,0,0,Cameron Green,,0
22,3,Venkatesh Iyer,Kolkata Knight Riders,104,51,6,9,Riley Meredith,,78
22,4,Nitish Rana,Kolkata Knight Riders,5,10,0,0,Hrithik Shokeen,,0
22,5,Shardul Thakur,Kolkata Knight Riders,13,11,1,0,Hrithik Shokeen,,4
22,6,Rinku Singh,Kolkata Knight Riders,18,18,2,0,Duan Jansen,,8
22,7,Andre Russell,Kolkata Knight Riders,21,11,3,1,Not Out,,18
22,8,Sunil Narine,Kolkata Knight Riders,2,2,0,0,Not Out,,0
22,1,Rohit Sharma,Mumbai Indians,20,13,1,2,Suyash Sharma,,16
22,2,Ishan Kishan,Mumbai Indians,58,25,5,5,Varun Chakaravarthy,,50
22,3,Suryakumar Yadav,Mumbai Indians,43,25,4,3,Shardul Thakur,,34
22,4,Tilak Varma,Mumbai Indians,30,25,3,1,Suyash Sharma,,18
22,5,Tim David,Mumbai Indians,24,13,1,2,Not Out,,16
22,6,Nehal Wadhera,Mumbai Indians,6,4,1,0,Lockie Ferguson,,4
22,7,Cameron Green,Mumbai Indians,1,1,0,0,Not Out,,0
23,1,Wriddhiman Saha,Gujarat Titans,4,3,1,0,Trent Boult,,4
23,2,Shubman Gill,Gujarat Titans,45,34,4,1,Sandeep Sharma,,22
23,3,Sai Sudharsan,Gujarat Titans,20,19,2,0,Run Out,,8
23,4,Hardik Pandya,Gujarat Titans,28,19,3,1,Yuzvendra Chahal,,18
23,5,David Miller,Gujarat Titans,46,30,3,2,Sandeep Sharma,,24
23,6,Abhinav Manohar,Gujarat Titans,27,13,0,3,Adam Zampa,,18
23,7,Rahul Tewatia,Gujarat Titans,1,1,0,0,Not Out,,0
23,8,Rashid Khan,Gujarat Titans,1,1,0,0,Run Out,,0
23,9,Alzarri Joseph,Gujarat Titans,0,0,0,0,Not Out,,0
23,1,Yashasvi Jaiswal,Rajasthan Royals,1,7,0,0,Hardik Pandya,,0
23,2,Jos Buttler,Rajasthan Royals,0,5,0,0,Mohammed Shami,,0
23,3,Devdutt Padikkal,Rajasthan Royals,26,25,2,2,Rashid Khan,,20
23,4,Sanju Samson,Rajasthan Royals,60,32,3,6,Noor Ahmad,,48
23,5,Riyan Parag,Rajasthan Royals,5,7,0,0,Rashid Khan,,0
23,6,Shimron Hetmyer,Rajasthan Royals,56,26,2,5,Not Out,,38
23,7,Dhruv Jurel,Rajasthan Royals,18,10,2,1,Mohammed Shami,,14
23,8,Ravichandran Ashwin,Rajasthan Royals,10,3,1,1,Mohammed Shami,,10
23,9,Trent Boult,Rajasthan Royals,0,1,0,0,Not Out,,0
24,1,Ruturaj Gaikwad,Chennai Super Kings,3,6,0,0,Mohammed Siraj,,0
24,2,Devon Conway,Chennai Super Kings,83,45,6,6,Harshal Patel,,60
24,3,Ajinkya Rahane,Chennai Super Kings,37,20,3,2,Wanindu Hasaranga,,24
24,4,Shivam Dube,Chennai Super Kings,52,27,2,5,Wayne Parnell,,38
24,5,Ambati Rayudu,Chennai Super Kings,14,6,1,1,Vijaykumar Vyshak,,10
24,6,Moeen Ali,Chennai Super Kings,19,9,0,2,Not Out,,12
24,7,Ravindra Jadeja,Chennai Super Kings,10,8,0,1,Glenn Maxwell,,6
24,8,MS Dhoni,Chennai Super Kings,1,1,0,0,Not Out,,0
24,1,Virat Kohli,Royal Challengers Bangalore,6,4,1,0,Akash Singh,,4
24,2,Faf du Plessis,Royal Challengers Bangalore,62,33,5,4,Moeen Ali,,44
24,3,Mahipal Lomror,Royal Challengers Bangalore,0,5,0,0,Tushar Deshpande,,0
24,4,Glenn Maxwell,Royal Challengers Bangalore,76,36,3,8,Maheesh Theekshana,,60
24,5,Shahbaz Ahmed,Royal Challengers Bangalore,12,10,0,1,Matheesha Pathirana,,6
24,6,Dinesh Karthik,Royal Challengers Bangalore,28,14,3,1,Tushar Deshpande,,18
24,7,Suyash Prabhudessai,Royal Challengers Bangalore,19,11,0,2,Matheesha Pathirana,,12
24,8,Wayne Parnell,Royal Challengers Bangalore,2,5,0,0,Tushar Deshpande,,0
24,9,Wanindu Hasaranga,Royal Challengers Bangalore,2,2,0,0,Not Out,,0
25,1,Rohit Sharma,Mumbai Indians,28,18,6,0,T Natarajan,,24
25,2,Ishan Kishan,Mumbai Indians,38,31,3,2,Marco Jansen,,24
25,3,Cameron Green,Mumbai Indians,64,40,6,2,Not Out,,36
25,4,Suryakumar Yadav,Mumbai Indians,7,3,0,1,Marco Jansen,,6
25,5,Tilak Varma,Mumbai Indians,37,18,2,4,Bhuvneshwar Kumar,,32
25,6,Tim David,Mumbai Indians,16,11,2,0,Run Out,,8
25,1,Harry Brook,Sunrisers Hyderabad,9,7,2,0,Jason Behrendorff,,8
25,2,Mayank Agarwal,Sunrisers Hyderabad,48,41,4,1,Riley Meredith,,22
25,3,Rahul Tripathi,Sunrisers Hyderabad,7,5,1,0,Jason Behrendorff,,4
25,4,Aiden Markram,Sunrisers Hyderabad,22,17,1,1,Cameron Green,,10
25,5,Abhishek Sharma,Sunrisers Hyderabad,1,2,0,0,Piyush Chawla,,0
25,6,Heinrich Klaasen,Sunrisers Hyderabad,36,16,4,2,Piyush Chawla,,28
25,7,Abdul Samad,Sunrisers Hyderabad,9,12,1,0,Run Out,,4
25,8,Marco Jansen,Sunrisers Hyderabad,13,6,3,0,Riley Meredith,,12
25,9,Washington Sundar,Sunrisers Hyderabad,10,6,2,0,Run Out,,8
25,10,Bhuvneshwar Kumar,Sunrisers Hyderabad,2,5,0,0,Arjun Tendulkar,,0
25,11,Mayank Markande,Sunrisers Hyderabad,2,2,0,0,Not Out,,0
26,1,KL Rahul,Lucknow Super Giants,39,32,4,1,Jason Holder,,22
26,2,Kyle Mayers,Lucknow Super Giants,51,42,4,3,Ravichandran Ashwin,,34
26,3,Ayush Badoni,Lucknow Super Giants,1,4,0,0,Trent Boult,,0
26,4,Deepak Hooda,Lucknow Super Giants,2,4,0,0,Ravichandran Ashwin,,0
26,5,Marcus Stoinis,Lucknow Super Giants,21,16,2,0,Sandeep Sharma,,8
26,6,Nicholas Pooran,Lucknow Super Giants,29,20,2,1,Run Out,,14
26,7,Krunal Pandya,Lucknow Super Giants,4,2,1,0,Not Out,,4
26,8,Yudhvir Singh,Lucknow Super Giants,1,1,0,0,Run Out,,0
26,1,Yashasvi Jaiswal,Rajasthan Royals,44,35,4,2,Marcus Stoinis,,28
26,2,Jos Buttler,Rajasthan Royals,40,41,4,1,Marcus Stoinis,,22
26,3,Sanju Samson,Rajasthan Royals,2,4,0,0,Run Out,,0
26,4,Devdutt Padikkal,Rajasthan Royals,26,21,4,0,Avesh Khan,,16
26,5,Shimron Hetmyer,Rajasthan Royals,2,5,0,0,Avesh Khan,,0
26,6,Riyan Parag,Rajasthan Royals,15,12,1,1,Not Out,,10
26,7,Dhruv Jurel,Rajasthan Royals,0,1,0,0,Avesh Khan,,0
26,8,Ravichandran Ashwin,Rajasthan Royals,3,2,0,0,Not Out,,0
27,1,Virat Kohli,Royal Challengers Bangalore,59,47,5,1,Harpreet Brar,,26
27,2,Faf du Plessis,Royal Challengers Bangalore,84,56,5,5,Nathan Ellis,,50
27,3,Glenn Maxwell,Royal Challengers Bangalore,0,1,0,0,Harpreet Brar,,0
27,4,Dinesh Karthik,Royal Challengers Bangalore,7,5,1,0,Arshdeep Singh,,4
27,5,Mahipal Lomror,Royal Challengers Bangalore,7,9,1,0,Not Out,,4
27,6,Shahbaz Ahmed,Royal Challengers Bangalore,5,3,0,0,Not Out,,0
27,1,Atharva Taide,Punjab Kings,4,2,1,0,Mohammed Siraj,,4
27,2,Prabhsimran Singh,Punjab Kings,46,30,3,4,Wayne Parnell,,36
27,3,Matthew Short,Punjab Kings,8,7,0,1,Wanindu Hasaranga,,6
27,4,Liam Livingstone,Punjab Kings,2,4,0,0,Mohammed Siraj,,0
27,5,Harpreet Singh Bhatia,Punjab Kings,13,9,1,0,Run Out,,4
27,6,Sam Curran,Punjab Kings,10,12,1,0,Run Out,,4
27,7,Jitesh Sharma,Punjab Kings,41,27,2,3,Harshal Patel,,26
27,8,Shahrukh Khan,Punjab Kings,7,5,0,1,Wanindu Hasaranga,,6
27,9,Harpreet Brar,Punjab Kings,13,13,1,0,Mohammed Siraj,,4
27,10,Nathan Ellis,Punjab Kings,1,2,0,0,Mohammed Siraj,,0
27,11,Arshdeep Singh,Punjab Kings,0,0,0,0,Not Out,,0
28,1,Jason Roy,Kolkata Knight Riders,43,39,5,1,Kuldeep Yadav,,26
28,2,Litton Das,Kolkata Knight Riders,4,4,1,0,Mukesh Kumar,,4
28,3,Venkatesh Iyer,Kolkata Knight Riders,0,2,0,0,Anrich Nortje,,0
28,4,Nitish Rana,Kolkata Knight Riders,4,7,1,0,Ishant Sharma,,4
28,5,Mandeep Singh,Kolkata Knight Riders,12,11,0,1,Axar Patel,,6
28,6,Rinku Singh,Kolkata Knight Riders,6,8,1,0,Axar Patel,,4
28,7,Sunil Narine,Kolkata Knight Riders,4,6,1,0,Ishant Sharma,,4
28,8,Andre Russell,Kolkata Knight Riders,38,31,1,4,Not Out,,28
28,9,Anukul Roy,Kolkata Knight Riders,0,1,0,0,Kuldeep Yadav,,0
28,10,Umesh Yadav,Kolkata Knight Riders,3,5,0,0,Anrich Nortje,,0
28,11,Varun Chakaravarthy,Kolkata Knight Riders,1,6,0,0,Run Out,,0
28,1,David Warner,Delhi Capitals,57,41,11,0,Varun Chakaravarthy,,44
28,2,Prithvi Shaw,Delhi Capitals,13,11,2,0,Varun Chakaravarthy,,8
28,3,Mitchell Marsh,Delhi Capitals,2,9,0,0,Nitish Rana,,0
28,4,Philip Salt,Delhi Capitals,5,3,1,0,Anukul Roy,,4
28,5,Manish Pandey,Delhi Capitals,21,23,2,0,Anukul Roy,,8
28,6,Axar Patel,Delhi Capitals,19,22,1,0,Not Out,,4
28,7,Aman Hakim Khan,Delhi Capitals,0,2,0,0,Nitish Rana,,0
28,8,Lalit Yadav,Delhi Capitals,4,7,0,0,Not Out,,0
29,1,Harry Brook,Sunrisers Hyderabad,18,13,3,0,Akash Singh,,12
29,2,Abhishek Sharma,Sunrisers Hyderabad,34,26,3,1,Ravindra Jadeja,,18
29,3,Rahul Tripathi,Sunrisers Hyderabad,21,21,1,1,Ravindra Jadeja,,10
29,4,Aiden Markram,Sunrisers Hyderabad,12,12,1,0,Maheesh Theekshana,,4
29,5,Heinrich Klaasen,Sunrisers Hyderabad,17,16,1,0,Matheesha Pathirana,,4
29,6,Mayank Agarwal,Sunrisers Hyderabad,2,4,0,0,Ravindra Jadeja,,0
29,7,Marco Jansen,Sunrisers Hyderabad,17,22,1,0,Not Out,,4
29,8,Washington Sundar,Sunrisers Hyderabad,9,6,1,0,Run Out,,4
29,1,Ruturaj Gaikwad,Chennai Super Kings,35,30,2,0,Run Out,,8
29,2,Devon Conway,Chennai Super Kings,77,57,12,1,Not Out,,54
29,3,Ajinkya Rahane,Chennai Super Kings,9,10,0,0,Mayank Markande,,0
29,4,Ambati Rayudu,Chennai Super Kings,9,9,1,0,Mayank Markande,,4
29,5,Moeen Ali,Chennai Super Kings,6,6,1,0,Not Out,,4
30,1,Wriddhiman Saha,Gujarat Titans,47,37,6,0,Krunal Pandya,,24
30,2,Shubman Gill,Gujarat Titans,0,2,0,0,Krunal Pandya,,0
30,3,Hardik Pandya,Gujarat Titans,66,50,2,4,Marcus Stoinis,,32
30,4,Abhinav Manohar,Gujarat Titans,3,5,0,0,Amit Mishra,,0
30,5,Vijay Shankar,Gujarat Titans,10,12,1,0,Naveen-ul-Haq,,4
30,6,David Miller,Gujarat Titans,6,12,0,0,Marcus Stoinis,,0
30,7,Rahul Tewatia,Gujarat Titans,2,2,0,0,Not Out,,0
30,1,KL Rahul,Lucknow Super Giants,68,61,8,0,Mohit Sharma,,32
30,2,Kyle Mayers,Lucknow Super Giants,24,19,2,1,Rashid Khan,,14
30,3,Krunal Pandya,Lucknow Super Giants,23,23,2,1,Noor Ahmad,,14
30,4,Nicholas Pooran,Lucknow Super Giants,1,7,0,0,Noor Ahmad,,0
30,5,Ayush Badoni,Lucknow Super Giants,8,6,0,0,Run Out,,0
30,6,Marcus Stoinis,Lucknow Super Giants,0,1,0,0,Mohit Sharma,,0
30,7,Deepak Hooda,Lucknow Super Giants,2,2,0,0,Run Out,,0
30,8,Prerak Mankad,Lucknow Super Giants,0,0,0,0,Not Out,,0
30,9,Ravi Bishnoi,Lucknow Super Giants,0,1,0,0,Not Out,,0
31,1,Matthew Short,Punjab Kings,11,10,2,0,Cameron Green,,8
31,2,Prabhsimran Singh,Punjab Kings,26,17,1,2,Arjun Tendulkar,,16
31,3,Atharva Taide,Punjab Kings,29,17,3,1,Piyush Chawla,,18
31,4,Liam Livingstone,Punjab Kings,10,12,0,1,Piyush Chawla,,6
31,5,Harpreet Singh,Punjab Kings,41,28,4,2,Cameron Green,,28
31,6,Sam Curran,Punjab Kings,55,29,5,4,Jofra Archer,,44
31,7,Jitesh Sharma,Punjab Kings,25,7,0,4,Jason Behrendorff,,24
31,8,Shahrukh Khan,Punjab Kings,0,0,0,0,Not Out,,0
31,9,Harpreet Brar,Punjab Kings,5,2,1,0,Run Out,,4
31,1,Rohit Sharma,Mumbai Indians,44,27,4,3,Liam Livingstone,,34
31,2,Ishan Kishan,Mumbai Indians,1,4,0,0,Arshdeep Singh,,0
31,3,Cameron Green,Mumbai Indians,67,43,6,3,Nathan Ellis,,42
31,4,Suryakumar Yadav,Mumbai Indians,57,26,7,3,Arshdeep Singh,,46
31,5,Tim David,Mumbai Indians,25,13,0,2,Not Out,,12
31,6,Tilak Varma,Mumbai Indians,3,4,0,0,Arshdeep Singh,,0
31,7,Nehal Wadhera,Mumbai Indians,0,1,0,0,Arshdeep Singh,,0
31,8,Jofra Archer,Mumbai Indians,1,2,0,0,Not Out,,0
32,1,Virat Kohli,Royal Challengers Bangalore,0,1,0,0,Trent Boult,,0
32,2,Faf du Plessis,Royal Challengers Bangalore,62,39,8,2,Run Out,,44
32,3,Shahbaz Ahmed,Royal Challengers Bangalore,2,4,0,0,Trent Boult,,0
32,4,Glenn Maxwell,Royal Challengers Bangalore,77,44,6,4,Ravichandran Ashwin,,48
32,5,Mahipal Lomror,Royal Challengers Bangalore,8,6,1,0,Yuzvendra Chahal,,4
32,6,Dinesh Karthik,Royal Challengers Bangalore,16,13,2,0,Sandeep Sharma,,8
32,7,Suyash Prabhudessai,Royal Challengers Bangalore,0,2,0,0,Run Out,,0
32,8,Wanindu Hasaranga,Royal Challengers Bangalore,6,7,0,0,Run Out,,0
32,9,David Willey,Royal Challengers Bangalore,4,2,1,0,Not Out,,4
32,10,Vijaykumar Vyshak,Royal Challengers Bangalore,0,1,0,0,Sandeep Sharma,,0
32,11,Mohammed Siraj,Royal Challengers Bangalore,1,1,0,0,Not Out,,0
32,1,Yashasvi Jaiswal,Rajasthan Royals,47,37,5,2,Harshal Patel,,32
32,2,Jos Buttler,Rajasthan Royals,0,2,0,0,Mohammed Siraj,,0
32,3,Devdutt Padikkal,Rajasthan Royals,52,34,7,1,David Willey,,34
32,4,Sanju Samson,Rajasthan Royals,22,15,2,1,Harshal Patel,,14
32,5,Shimron Hetmyer,Rajasthan Royals,3,9,0,0,Run Out,,0
32,6,Dhruv Jurel,Rajasthan Royals,34,16,2,2,Not Out,,20
32,7,Ravichandran Ashwin,Rajasthan Royals,12,6,2,0,Harshal Patel,,8
32,8,Abdul Basith,Rajasthan Royals,1,1,0,0,Not Out,,0
33,1,Ruturaj Gaikwad,Chennai Super Kings,35,20,2,3,Suyash Sharma,,26
33,2,Devon Conway,Chennai Super Kings,56,40,4,3,Varun Chakaravarthy,,34
33,3,Ajinkya Rahane,Chennai Super Kings,71,29,6,5,Not Out,,54
33,4,Shivam Dube,Chennai Super Kings,50,21,2,5,Kulwant Khejroliya,,38
33,5,Ravindra Jadeja,Chennai Super Kings,18,8,0,2,Kulwant Khejroliya,,12
33,6,MS Dhoni,Chennai Super Kings,2,3,0,0,Not Out,,0
33,1,N Jagadeesan,Kolkata Knight Riders,1,3,0,0,Tushar Deshpande,,0
33,2,Sunil Narine,Kolkata Knight Riders,0,3,0,0,Akash Singh,,0
33,3,Venkatesh Iyer,Kolkata Knight Riders,20,20,2,1,Moeen Ali,,14
33,4,Nitish Rana,Kolkata Knight Riders,27,20,4,1,Ravindra Jadeja,,22
33,5,Jason Roy,Kolkata Knight Riders,61,26,5,5,Maheesh Theekshana,,50
33,6,Rinku Singh,Kolkata Knight Riders,53,33,3,4,Not Out,,36
33,7,Andre Russell,Kolkata Knight Riders,9,6,0,1,Matheesha Pathirana,,6
33,8,David Wiese,Kolkata Knight Riders,1,2,0,0,Tushar Deshpande,,0
33,9,Umesh Yadav,Kolkata Knight Riders,4,4,0,0,Maheesh Theekshana,,0
33,10,Varun Chakaravarthy,Kolkata Knight Riders,0,3,0,0,Not Out,,0
34,1,David Warner,Delhi Capitals,21,20,2,1,Washington Sundar,,14
34,2,Philip Salt,Delhi Capitals,0,1,0,0,Bhuvneshwar Kumar,,0
34,3,Mitchell Marsh,Delhi Capitals,25,15,5,0,T Natarajan,,20
34,4,Sarfaraz Khan,Delhi Capitals,10,9,0,1,Washington Sundar,,6
34,5,Manish Pandey,Delhi Capitals,34,27,2,0,Run Out,,8
34,6,Aman Hakim Khan,Delhi Capitals,4,2,1,0,Washington Sundar,,4
34,7,Axar Patel,Delhi Capitals,34,34,4,0,Bhuvneshwar Kumar,,16
34,8,Ripal Patel,Delhi Capitals,5,6,0,0,Run Out,,0
34,9,Anrich Nortje,Delhi Capitals,2,2,0,0,Run Out,,0
34,10,Kuldeep Yadav,Delhi Capitals,4,3,1,0,Not Out,,4
34,11,Ishant Sharma,Delhi Capitals,1,1,0,0,Not Out,,0
34,1,Harry Brook,Sunrisers Hyderabad,7,14,0,0,Anrich Nortje,,0
34,2,Mayank Agarwal,Sunrisers Hyderabad,49,39,7,0,Axar Patel,,28
34,3,Rahul Tripathi,Sunrisers Hyderabad,15,21,0,0,Ishant Sharma,,0
34,4,Abhishek Sharma,Sunrisers Hyderabad,5,5,0,0,Kuldeep Yadav,,0
34,5,Aiden Markram,Sunrisers Hyderabad,3,5,0,0,Axar Patel,,0
34,6,Heinrich Klaasen,Sunrisers Hyderabad,31,19,3,1,Anrich Nortje,,18
34,7,Washington Sundar,Sunrisers Hyderabad,24,15,3,0,Not Out,,12
34,8,Marco Jansen,Sunrisers Hyderabad,2,3,0,0,Not Out,,0
35,1,Wriddhiman Saha,Gujarat Titans,4,7,0,0,Arjun Tendulkar,,0
35,2,Shubman Gill,Gujarat Titans,56,34,7,1,Kumar Kartikeya,,34
35,3,Hardik Pandya,Gujarat Titans,13,14,1,0,Piyush Chawla,,4
35,4,Vijay Shankar,Gujarat Titans,19,16,1,1,Piyush Chawla,,10
35,5,David Miller,Gujarat Titans,46,22,2,4,Jason Behrendorff,,32
35,6,Abhinav Manohar,Gujarat Titans,42,21,3,3,Riley Meredith,,30
35,7,Rahul Tewatia,Gujarat Titans,20,5,0,3,Not Out,,18
35,8,Rashid Khan,Gujarat Titans,2,1,0,0,Not Out,,0
35,1,Rohit Sharma,Mumbai Indians,2,8,0,0,Hardik Pandya,,0
35,2,Ishan Kishan,Mumbai Indians,13,21,1,0,Rashid Khan,,4
35,3,Cameron Green,Mumbai Indians,33,26,0,3,Noor Ahmad,,18
35,4,Tilak Varma,Mumbai Indians,2,3,0,0,Rashid Khan,,0
35,5,Suryakumar Yadav,Mumbai Indians,23,12,3,1,Noor Ahmad,,18
35,6,Tim David,Mumbai Indians,0,2,0,0,Noor Ahmad,,0
35,7,Nehal Wadhera,Mumbai Indians,40,21,3,3,Mohit Sharma,,30
35,8,Piyush Chawla,Mumbai Indians,18,12,1,1,Run Out,,10
35,9,Arjun Tendulkar,Mumbai Indians,13,9,0,1,Mohit Sharma,,6
35,10,Jason Behrendorff,Mumbai Indians,3,4,0,0,Not Out,,0
35,11,Riley Meredith,Mumbai Indians,0,2,0,0,Not Out,,0
36,1,Jason Roy,Kolkata Knight Riders,56,29,4,5,Vijaykumar Vyshak,,46
36,2,N Jagadeesan,Kolkata Knight Riders,27,29,4,0,Vijaykumar Vyshak,,16
36,3,Venkatesh Iyer,Kolkata Knight Riders,31,26,3,0,Wanindu Hasaranga,,12
36,4,Nitish Rana,Kolkata Knight Riders,48,21,3,4,Wanindu Hasaranga,,36
36,5,Andre Russell,Kolkata Knight Riders,1,2,0,0,Mohammed Siraj,,0
36,6,Rinku Singh,Kolkata Knight Riders,18,10,2,1,Not Out,,14
36,7,David Wiese,Kolkata Knight Riders,12,3,0,2,Not Out,,12
36,1,Virat Kohli,Royal Challengers Bangalore,54,37,6,0,Andre Russell,,24
36,2,Faf du Plessis,Royal Challengers Bangalore,17,7,1,2,Suyash Sharma,,16
36,3,Shahbaz Ahmed,Royal Challengers Bangalore,2,5,0,0,Suyash Sharma,,0
36,4,Glenn Maxwell,Royal Challengers Bangalore,5,4,1,0,Varun Chakaravarthy,,4
36,5,Mahipal Lomror,Royal Challengers Bangalore,34,18,1,3,Varun Chakaravarthy,,22
36,6,Dinesh Karthik,Royal Challengers Bangalore,22,18,1,1,Varun Chakaravarthy,,10
36,7,Suyash Prabhudessai,Royal Challengers Bangalore,10,9,1,0,Run Out,,4
36,8,Wanindu Hasaranga,Royal Challengers Bangalore,5,4,0,0,Andre Russell,,0
36,9,David Willey,Royal Challengers Bangalore,11,10,1,0,Not Out,,4
36,10,Vijaykumar Vyshak,Royal Challengers Bangalore,13,2,0,1,Not Out,,6
37,1,Yashasvi Jaiswal,Rajasthan Royals,77,43,8,4,Tushar Deshpande,,56
37,2,Jos Buttler,Rajasthan Royals,27,21,4,0,Ravindra Jadeja,,16
37,3,Sanju Samson,Rajasthan Royals,17,17,1,0,Tushar Deshpande,,4
37,4,Shimron Hetmyer,Rajasthan Royals,8,10,0,0,Maheesh Theekshana,,0
37,5,Dhruv Jurel,Rajasthan Royals,34,15,3,2,Run Out,,24
37,6,Devdutt Padikkal,Rajasthan Royals,27,13,5,0,Not Out,,20
37,7,Ravichandran Ashwin,Rajasthan Royals,1,1,0,0,Not Out,,0
37,1,Ruturaj Gaikwad,Chennai Super Kings,47,29,5,1,Adam Zampa,,26
37,2,Devon Conway,Chennai Super Kings,8,16,1,0,Adam Zampa,,4
37,3,Ajinkya Rahane,Chennai Super Kings,15,13,0,0,Ravichandran Ashwin,,0
37,4,Shivam Dube,Chennai Super Kings,52,33,2,4,Kuldip Yadav,,32
37,5,Ambati Rayudu,Chennai Super Kings,0,2,0,0,Ravichandran Ashwin,,0
37,6,Moeen Ali,Chennai Super Kings,23,12,2,2,Adam Zampa,,20
37,7,Ravindra Jadeja,Chennai Super Kings,23,15,3,0,Not Out,,12
38,1,KL Rahul,Lucknow Super Giants,12,9,1,1,Kagiso Rabada,,10
38,2,Kyle Mayers,Lucknow Super Giants,54,24,7,4,Kagiso Rabada,,52
38,3,Ayush Badoni,Lucknow Super Giants,43,24,3,3,Liam Livingstone,,30
38,4,Marcus Stoinis,Lucknow Super Giants,72,40,6,5,Sam Curran,,54
38,5,Nicholas Pooran,Lucknow Super Giants,45,19,7,1,Arshdeep Singh,,34
38,6,Deepak Hooda,Lucknow Super Giants,11,6,2,0,Not Out,,8
38,7,Krunal Pandya,Lucknow Super Giants,5,2,1,0,Not Out,,4
38,1,Prabhsimran Singh,Punjab Kings,9,13,2,0,Naveen-ul-Haq,,8
38,2,Shikhar Dhawan,Punjab Kings,1,2,0,0,Marcus Stoinis,,0
38,3,Atharva Taide,Punjab Kings,66,36,8,2,Ravi Bishnoi,,44
38,4,Sikandar Raza,Punjab Kings,36,22,4,1,Yash Thakur,,22
38,5,Liam Livingstone,Punjab Kings,23,14,2,1,Ravi Bishnoi,,14
38,6,Sam Curran,Punjab Kings,21,11,2,1,Naveen-ul-Haq,,14
38,7,Jitesh Sharma,Punjab Kings,24,10,0,3,Yash Thakur,,18
38,8,Shahrukh Khan,Punjab Kings,6,9,0,0,Yash Thakur,,0
38,9,Rahul Chahar,Punjab Kings,0,1,0,0,Yash Thakur,,0
38,10,Kagiso Rabada,Punjab Kings,0,1,0,0,Naveen-ul-Haq,,0
38,11,Arshdeep Singh,Punjab Kings,2,2,0,0,Not Out,,0
39,1,N Jagadeesan,Kolkata Knight Riders,19,15,4,0,Mohammed Shami,,16
39,2,Rahmanullah Gurbaz,Kolkata Knight Riders,81,39,5,7,Noor Ahmad,,62
39,3,Shardul Thakur,Kolkata Knight Riders,0,4,0,0,Mohammed Shami,,0
39,4,Venkatesh Iyer,Kolkata Knight Riders,11,14,0,0,Joshua Little,,0
39,5,Nitish Rana,Kolkata Knight Riders,4,3,1,0,Joshua Little,,4
39,6,Rinku Singh,Kolkata Knight Riders,19,20,0,1,Noor Ahmad,,6
39,7,Andre Russell,Kolkata Knight Riders,34,19,2,3,Mohammed Shami,,26
39,8,David Wiese,Kolkata Knight Riders,8,6,0,1,Not Out,,6
39,1,Wriddhiman Saha,Gujarat Titans,10,10,1,0,Andre Russell,,4
39,2,Shubman Gill,Gujarat Titans,49,35,8,0,Sunil Narine,,32
39,3,Hardik Pandya,Gujarat Titans,26,20,2,1,Harshit Rana,,14
39,4,Vijay Shankar,Gujarat Titans,51,24,2,5,Not Out,,38
39,5,David Miller,Gujarat Titans,32,18,2,2,Not Out,,20
40,1,David Warner,Delhi Capitals,0,2,0,0,Bhuvneshwar Kumar,,0
40,2,Philip Salt,Delhi Capitals,59,35,9,0,Mayank Markande,,36
40,3,Mitchell Marsh,Delhi Capitals,63,39,1,6,Akeal Hosein,,40
40,4,Manish Pandey,Delhi Capitals,1,3,0,0,Abhishek Sharma,,0
40,5,Priyam Garg,Delhi Capitals,12,9,1,0,Mayank Markande,,4
40,6,Sarfaraz Khan,Delhi Capitals,9,10,1,0,T Natarajan,,4
40,7,Axar Patel,Delhi Capitals,29,14,1,2,Not Out,,16
40,8,Ripal Patel,Delhi Capitals,11,8,1,0,Not Out,,4
40,1,Harry Brook,Sunrisers Hyderabad,0,2,0,0,Mitchell Marsh,,0
40,2,Mayank Agarwal,Sunrisers Hyderabad,5,6,1,0,Ishant Sharma,,4
40,3,Rahul Tripathi,Sunrisers Hyderabad,10,6,0,1,Mitchell Marsh,,6
40,4,Aiden Markram,Sunrisers Hyderabad,8,13,0,0,Mitchell Marsh,,0
40,5,Heinrich Klaasen,Sunrisers Hyderabad,53,27,2,4,Not Out,,32
40,6,Abdul Samad,Sunrisers Hyderabad,28,21,1,2,Mitchell Marsh,,16
40,7,Akeal Hosein,Sunrisers Hyderabad,16,10,1,1,Not Out,,10
40,8,Abhishek Sharma,Sunrisers Hyderabad,67,36,12,1,Axar Patel,,54
41,1,Ruturaj Gaikwad,Chennai Super Kings,37,31,4,1,Sikandar Raza,,22
41,2,Shivam Dube,Chennai Super Kings,28,17,1,2,Not Out,,16
41,3,Devon Conway,Chennai Super Kings,92,52,16,1,Arshdeep Singh,,70
41,4,Moeen Ali,Chennai Super Kings,10,6,2,0,Rahul Chahar,,8
41,5,Ravindra Jadeja,Chennai Super Kings,12,10,0,0,Sam Curran,,0
41,6,MS Dhoni,Chennai Super Kings,13,4,0,2,Not Out,,12
41,1,Prabhsimran Singh,Punjab Kings,42,24,4,2,Ravindra Jadeja,,28
41,2,Shikhar Dhawan,Punjab Kings,28,15,4,1,Tushar Deshpande,,22
41,3,Atharva Taide,Punjab Kings,13,17,0,0,Ravindra Jadeja,,0
41,4,Liam Livingstone,Punjab Kings,40,24,1,4,Tushar Deshpande,,28
41,5,Sam Curran,Punjab Kings,29,20,1,1,Matheesha Pathirana,,10
41,6,Jitesh Sharma,Punjab Kings,21,10,2,1,Tushar Deshpande,,14
41,7,Shahrukh Khan,Punjab Kings,2,3,0,0,Not Out,,0
41,8,Sikandar Raza,Punjab Kings,13,7,1,0,Not Out,,4
42,1,Yashasvi Jaiswal,Rajasthan Royals,124,62,16,8,Arshad Khan,,112
42,2,Jos Buttler,Rajasthan Royals,18,19,2,1,Piyush Chawla,,14
42,3,Sanju Samson,Rajasthan Royals,14,10,1,1,Arshad Khan,,10
42,4,Devdutt Padikkal,Rajasthan Royals,2,4,0,0,Piyush Chawla,,0
42,5,Jason Holder,Rajasthan Royals,11,9,0,1,Jofra Archer,,6
42,6,Shimron Hetmyer,Rajasthan Royals,8,9,0,1,Arshad Khan,,6
42,7,Dhruv Jurel,Rajasthan Royals,2,3,0,0,Riley Meredith,,0
42,8,Ravichandran Ashwin,Rajasthan Royals,8,5,1,0,Not Out,,4
42,9,Trent Boult,Rajasthan Royals,0,0,0,0,Not Out,,0
42,1,Rohit Sharma,Mumbai Indians,3,5,0,0,Sandeep Sharma,,0
42,2,Ishan Kishan,Mumbai Indians,28,23,4,0,Ravichandran Ashwin,,16
42,3,Cameron Green,Mumbai Indians,44,26,4,2,Ravichandran Ashwin,,28
42,4,Tilak Varma,Mumbai Indians,29,21,3,1,Trent Boult,,18
42,5,Suryakumar Yadav,Mumbai Indians,55,29,8,2,Not Out,,44
42,6,Tim David,Mumbai Indians,45,14,2,5,Not Out,,38
43,1,Virat Kohli,Royal Challengers Bangalore,31,30,3,0,Ravi Bishnoi,,12
43,2,Faf du Plessis,Royal Challengers Bangalore,44,40,1,1,Amit Mishra,,10
43,3,Anuj Rawat,Royal Challengers Bangalore,9,11,0,0,Krishnappa Gowtham,,0
43,4,Glenn Maxwell,Royal Challengers Bangalore,4,5,0,0,Ravi Bishnoi,,0
43,5,Mahipal Lomror,Royal Challengers Bangalore,3,4,0,0,Naveen-ul-Haq,,0
43,6,Dinesh Karthik,Royal Challengers Bangalore,16,11,1,1,Run Out,,10
43,7,Suyash Prabhudessai,Royal Challengers Bangalore,6,7,0,0,Amit Mishra,,0
43,8,Wanindu Hasaranga,Royal Challengers Bangalore,8,7,1,0,Not Out,,4
43,9,Karn Sharma,Royal Challengers Bangalore,2,2,0,0,Naveen-ul-Haq,,0
43,10,Mohammed Siraj,Royal Challengers Bangalore,0,1,0,0,Naveen-ul-Haq,,0
43,11,Josh Hazlewood,Royal Challengers Bangalore,1,2,0,0,Not Out,,0
43,1,Kyle Mayers,Lucknow Super Giants,0,2,0,0,Mohammed Siraj,,0
43,2,Ayush Badoni,Lucknow Super Giants,4,11,0,0,Josh Hazlewood,,0
43,3,Krunal Pandya,Lucknow Super Giants,14,11,3,0,Glenn Maxwell,,12
43,4,Deepak Hooda,Lucknow Super Giants,1,2,0,0,Wanindu Hasaranga,,0
43,5,Marcus Stoinis,Lucknow Super Giants,13,19,0,1,Karn Sharma,,6
43,6,Nicholas Pooran,Lucknow Super Giants,9,7,0,1,Karn Sharma,,6
43,7,Krishnappa Gowtham,Lucknow Super Giants,23,13,1,2,Run Out,,16
43,8,Ravi Bishnoi,Lucknow Super Giants,5,10,0,0,Run Out,,0
43,9,Amit Mishra,Lucknow Super Giants,19,30,2,0,Harshal Patel,,8
43,10,Naveen-ul-Haq,Lucknow Super Giants,13,13,2,0,Josh Hazlewood,,8
43,11,KL Rahul,Lucknow Super Giants,0,3,0,0,Not Out,,0
44,1,Philip Salt,Delhi Capitals,0,1,0,0,Mohammed Shami,,0
44,2,David Warner,Delhi Capitals,2,2,0,0,Run Out,,0
44,3,Priyam Garg,Delhi Capitals,10,14,0,0,Mohammed Shami,,0
44,4,Rilee Rossouw,Delhi Capitals,8,6,2,0,Mohammed Shami,,8
44,5,Manish Pandey,Delhi Capitals,1,4,0,0,Mohammed Shami,,0
44,6,Axar Patel,Delhi Capitals,27,30,2,1,Mohit Sharma,,14
44,7,Aman Hakim Khan,Delhi Capitals,51,44,3,3,Rashid Khan,,30
44,8,Ripal Patel,Delhi Capitals,23,13,2,1,Mohit Sharma,,14
44,9,Anrich Nortje,Delhi Capitals,3,6,0,0,Not Out,,0
44,10,Kuldeep Yadav,Delhi Capitals,0,1,0,0,Not Out,,0
44,1,Wriddhiman Saha,Gujarat Titans,0,6,0,0,Khaleel Ahmed,,0
44,2,Shubman Gill,Gujarat Titans,6,7,1,0,Anrich Nortje,,4
44,3,Hardik Pandya,Gujarat Titans,59,53,7,0,Not Out,,28
44,4,Vijay Shankar,Gujarat Titans,6,9,1,0,Ishant Sharma,,4
44,5,David Miller,Gujarat Titans,0,3,0,0,Kuldeep Yadav,,0
44,6,Abhinav Manohar,Gujarat Titans,26,33,0,1,Khaleel Ahmed,,6
44,7,Rahul Tewatia,Gujarat Titans,20,7,0,3,Ishant Sharma,,18
44,8,Rashid Khan,Gujarat Titans,3,2,0,0,Not Out,,0
45,1,Manan Vohra,Lucknow Super Giants,10,11,1,0,Maheesh Theekshana,,4
45,2,Kyle Mayers,Lucknow Super Giants,14,17,2,0,Moeen Ali,,8
45,3,Karan Sharma,Lucknow Super Giants,9,16,0,0,Moeen Ali,,0
45,4,Krunal Pandya,Lucknow Super Giants,0,1,0,0,Maheesh Theekshana,,0
45,5,Marcus Stoinis,Lucknow Super Giants,6,4,1,0,Ravindra Jadeja,,4
45,6,Nicholas Pooran,Lucknow Super Giants,20,31,0,0,Matheesha Pathirana,,0
45,7,Ayush Badoni,Lucknow Super Giants,59,33,2,4,Not Out,,32
45,8,Krishnappa Gowtham,Lucknow Super Giants,1,3,0,0,Matheesha Pathirana,,0
46,1,Prabhsimran Singh,Punjab Kings,9,7,1,0,Arshad Khan,,4
46,2,Shikhar Dhawan,Punjab Kings,30,20,5,0,Piyush Chawla,,20
46,3,Matthew Short,Punjab Kings,27,26,2,1,Piyush Chawla,,14
46,4,Liam Livingstone,Punjab Kings,82,42,7,4,Not Out,,52
46,5,Jitesh Sharma,Punjab Kings,49,27,5,2,Not Out,,32
46,1,Rohit Sharma,Mumbai Indians,0,3,0,0,Rishi Dhawan,,0
46,2,Ishan Kishan,Mumbai Indians,75,41,7,4,Arshdeep Singh,,52
46,3,Cameron Green,Mumbai Indians,23,18,4,0,Nathan Ellis,,16
46,4,Suryakumar Yadav,Mumbai Indians,66,31,8,2,Nathan Ellis,,44
46,5,Tim David,Mumbai Indians,19,10,3,0,Not Out,,12
46,6,Tilak Varma,Mumbai Indians,26,10,1,3,Not Out,,22
47,1,Jason Roy,Kolkata Knight Riders,20,19,4,0,Kartik Tyagi,,16
47,2,Rahmanullah Gurbaz,Kolkata Knight Riders,0,1,0,0,Marco Jansen,,0
47,3,Venkatesh Iyer,Kolkata Knight Riders,7,4,1,0,Marco Jansen,,4
47,4,Nitish Rana,Kolkata Knight Riders,42,31,3,3,Aiden Markram,,30
47,5,Rinku Singh,Kolkata Knight Riders,46,35,4,1,T Natarajan,,22
47,6,Andre Russell,Kolkata Knight Riders,24,15,1,2,Mayank Markande,,16
47,7,Sunil Narine,Kolkata Knight Riders,1,2,0,0,Bhuvneshwar Kumar,,0
47,8,Shardul Thakur,Kolkata Knight Riders,8,6,1,0,T Natarajan,,4
47,9,Anukul Roy,Kolkata Knight Riders,13,7,2,0,Not Out,,8
47,10,Harshit Rana,Kolkata Knight Riders,0,1,0,0,Run Out,,0
47,11,Vaibhav Arora,Kolkata Knight Riders,2,1,0,0,Not Out,,0
47,1,Abhishek Sharma,Sunrisers Hyderabad,9,10,1,0,Shardul Thakur,,4
47,2,Mayank Agarwal,Sunrisers Hyderabad,18,11,2,1,Harshit Rana,,14
47,3,Rahul Tripathi,Sunrisers Hyderabad,20,9,3,1,Andre Russell,,18
47,4,Aiden Markram,Sunrisers Hyderabad,41,40,4,0,Vaibhav Arora,,16
47,5,Harry Brook,Sunrisers Hyderabad,0,4,0,0,Anukul Roy,,0
47,6,Heinrich Klaasen,Sunrisers Hyderabad,36,20,1,3,Shardul Thakur,,22
47,7,Abdul Samad,Sunrisers Hyderabad,21,18,3,0,Varun Chakaravarthy,,12
47,8,Marco Jansen,Sunrisers Hyderabad,1,4,0,0,Vaibhav Arora,,0
47,9,Bhuvneshwar Kumar,Sunrisers Hyderabad,5,5,1,0,Not Out,,4
47,10,Mayank Markande,Sunrisers Hyderabad,1,2,0,0,Not Out,,0
48,1,Yashasvi Jaiswal,Rajasthan Royals,14,11,1,1,Run Out,,10
48,2,Jos Buttler,Rajasthan Royals,8,6,2,0,Hardik Pandya,,8
48,3,Sanju Samson,Rajasthan Royals,30,20,3,1,Joshua Little,,18
48,4,Devdutt Padikkal,Rajasthan Royals,12,12,1,0,Noor Ahmad,,4
48,5,Ravichandran Ashwin,Rajasthan Royals,2,6,0,0,Rashid Khan,,0
48,6,Riyan Parag,Rajasthan Royals,4,6,0,0,Rashid Khan,,0
48,7,Shimron Hetmyer,Rajasthan Royals,7,13,0,0,Rashid Khan,,0
48,8,Dhruv Jurel,Rajasthan Royals,9,8,1,0,Noor Ahmad,,4
48,9,Trent Boult,Rajasthan Royals,15,11,1,1,Mohammed Shami,,10
48,10,Adam Zampa,Rajasthan Royals,7,9,0,0,Run Out,,0
48,11,Sandeep Sharma,Rajasthan Royals,2,5,0,0,Not Out,,0
48,1,Wriddhiman Saha,Gujarat Titans,41,34,5,0,Not Out,,20
48,2,Shubman Gill,Gujarat Titans,36,35,6,0,Yuzvendra Chahal,,24
48,3,Hardik Pandya,Gujarat Titans,39,15,3,3,Not Out,,30
49,1,Cameron Green,Mumbai Indians,6,4,1,0,Tushar Deshpande,,4
49,2,Ishan Kishan,Mumbai Indians,7,9,1,0,Deepak Chahar,,4
49,3,Rohit Sharma,Mumbai Indians,0,3,0,0,Deepak Chahar,,0
49,4,Nehal Wadhera,Mumbai Indians,64,51,8,1,Matheesha Pathirana,,38
49,5,Suryakumar Yadav,Mumbai Indians,26,22,3,0,Ravindra Jadeja,,12
49,6,Tristan Stubbs,Mumbai Indians,20,21,2,0,Matheesha Pathirana,,8
49,7,Tim David,Mumbai Indians,2,4,0,0,Tushar Deshpande,,0
49,8,Arshad Khan,Mumbai Indians,1,2,0,0,Matheesha Pathirana,,0
49,9,Jofra Archer,Mumbai Indians,3,2,0,0,Not Out,,0
49,10,Piyush Chawla,Mumbai Indians,2,2,0,0,Not Out,,0
49,1,Ruturaj Gaikwad,Chennai Super Kings,30,16,4,2,Piyush Chawla,,28
49,2,Devon Conway,Chennai Super Kings,44,42,4,0,Akash Madhwal,,16
49,3,Ajinkya Rahane,Chennai Super Kings,21,17,1,1,Piyush Chawla,,10
49,4,Ambati Rayudu,Chennai Super Kings,12,11,0,1,Tristan Stubbs,,6
49,5,Shivam Dube,Chennai Super Kings,26,18,0,3,Not Out,,18
49,6,MS Dhoni,Chennai Super Kings,2,3,0,0,Not Out,,0
50,1,David Warner,Delhi Capitals,22,14,3,1,Josh Hazlewood,,18
50,2,Philip Salt,Delhi Capitals,87,45,8,6,Karn Sharma,,68
50,3,Mitchell Marsh,Delhi Capitals,26,17,3,1,Harshal Patel,,18
50,4,Rilee Rossouw,Delhi Capitals,35,22,1,3,Not Out,,22
50,5,Axar Patel,Delhi Capitals,8,3,0,1,Not Out,,6
50,1,Virat Kohli,Royal Challengers Bangalore,55,46,5,0,Mukesh Kumar,,20
50,2,Faf du Plessis,Royal Challengers Bangalore,45,32,5,1,Mitchell Marsh,,26
50,3,Glenn Maxwell,Royal Challengers Bangalore,0,1,0,0,Mitchell Marsh,,0
50,4,Mahipal Lomror,Royal Challengers Bangalore,54,29,6,3,Not Out,,42
50,5,Dinesh Karthik,Royal Challengers Bangalore,11,9,0,1,Khaleel Ahmed,,6
50,6,Anuj Rawat,Royal Challengers Bangalore,8,3,0,1,Not Out,,6
51,1,Wriddhiman Saha,Gujarat Titans,81,43,10,4,Avesh Khan,,64
51,2,Shubman Gill,Gujarat Titans,94,51,2,7,Not Out,,50
51,3,Hardik Pandya,Gujarat Titans,25,15,1,2,Mohsin Khan,,16
51,4,David Miller,Gujarat Titans,21,12,2,1,Not Out,,14
51,1,Kyle Mayers,Lucknow Super Giants,48,32,7,2,Mohit Sharma,,40
51,2,Quinton de Kock,Lucknow Super Giants,70,41,7,3,Rashid Khan,,46
51,3,Deepak Hooda,Lucknow Super Giants,11,11,0,0,Mohammed Shami,,0
51,4,Marcus Stoinis,Lucknow Super Giants,4,9,0,0,Mohit Sharma,,0
51,5,Nicholas Pooran,Lucknow Super Giants,3,6,0,0,Noor Ahmad,,0
51,6,Ayush Badoni,Lucknow Super Giants,21,11,1,2,Mohit Sharma,,16
51,7,Swapnil Singh,Lucknow Super Giants,2,4,0,0,Not Out,,0
51,8,Krunal Pandya,Lucknow Super Giants,0,1,0,0,Mohit Sharma,,0
51,9,Ravi Bishnoi,Lucknow Super Giants,4,5,1,0,Not Out,,4
52,1,Yashasvi Jaiswal,Rajasthan Royals,35,18,5,2,Marco Jansen,,32
52,2,Jos Buttler,Rajasthan Royals,95,59,10,4,Bhuvneshwar Kumar,,64
52,3,Sanju Samson,Rajasthan Royals,66,38,4,5,Not Out,,46
52,4,Shimron Hetmyer,Rajasthan Royals,7,5,0,0,Not Out,,0
52,1,Anmolpreet Singh,Sunrisers Hyderabad,33,25,4,1,Yuzvendra Chahal,,22
52,2,Abhishek Sharma,Sunrisers Hyderabad,55,34,5,2,Ravichandran Ashwin,,32
52,3,Rahul Tripathi,Sunrisers Hyderabad,47,29,2,3,Yuzvendra Chahal,,26
52,4,Heinrich Klaasen,Sunrisers Hyderabad,26,12,2,2,Yuzvendra Chahal,,20
52,5,Aiden Markram,Sunrisers Hyderabad,6,5,1,0,Yuzvendra Chahal,,4
52,6,Glenn Phillips,Sunrisers Hyderabad,25,7,1,3,Kuldip Yadav,,22
52,7,Abdul Samad,Sunrisers Hyderabad,17,7,0,2,Not Out,,12
52,8,Marco Jansen,Sunrisers Hyderabad,3,2,0,0,Not Out,,0
53,1,Prabhsimran Singh,Punjab Kings,12,8,3,0,Harshit Rana,,12
53,2,Shikhar Dhawan,Punjab Kings,57,47,9,1,Nitish Rana,,42
53,3,Bhanuka Rajapaksa,Punjab Kings,0,3,0,0,Harshit Rana,,0
53,4,Liam Livingstone,Punjab Kings,15,9,3,0,Varun Chakaravarthy,,12
53,5,Jitesh Sharma,Punjab Kings,21,18,0,2,Varun Chakaravarthy,,12
53,6,Sam Curran,Punjab Kings,4,9,0,0,Suyash Sharma,,0
53,7,Rishi Dhawan,Punjab Kings,19,11,1,1,Varun Chakaravarthy,,10
53,8,Shahrukh Khan,Punjab Kings,21,8,3,1,Not Out,,18
53,9,Harpreet Brar,Punjab Kings,17,9,2,1,Not Out,,14
53,1,Jason Roy,Kolkata Knight Riders,38,24,8,0,Harpreet Brar,,32
53,2,Rahmanullah Gurbaz,Kolkata Knight Riders,15,12,1,1,Nathan Ellis,,10
53,3,Nitish Rana,Kolkata Knight Riders,51,38,6,1,Rahul Chahar,,30
53,4,Venkatesh Iyer,Kolkata Knight Riders,11,13,0,0,Rahul Chahar,,0
53,5,Andre Russell,Kolkata Knight Riders,42,23,3,3,Run Out,,30
53,6,Rinku Singh,Kolkata Knight Riders,21,10,2,1,Not Out,,14
53,7,Shardul Thakur,Kolkata Knight Riders,0,0,0,0,Not Out,,0
54,1,Virat Kohli,Royal Challengers Bangalore,1,4,0,0,Jason Behrendorff,,0
54,2,Faf du Plessis,Royal Challengers Bangalore,65,41,5,3,Cameron Green,,38
54,3,Anuj Rawat,Royal Challengers Bangalore,6,4,1,0,Jason Behrendorff,,4
54,4,Glenn Maxwell,Royal Challengers Bangalore,68,33,8,4,Jason Behrendorff,,56
54,5,Mahipal Lomror,Royal Challengers Bangalore,1,3,0,0,Kumar Kartikeya,,0
54,6,Dinesh Karthik,Royal Challengers Bangalore,38,18,4,1,Chris Jordan,,22
54,7,Kedar Jadhav,Royal Challengers Bangalore,12,10,1,0,Not Out,,4
54,8,Wanindu Hasaranga,Royal Challengers Bangalore,12,8,2,0,Not Out,,8
54,1,Ishan Kishan,Mumbai Indians,42,21,4,4,Wanindu Hasaranga,,40
54,2,Rohit Sharma,Mumbai Indians,7,8,1,0,Wanindu Hasaranga,,4
54,3,Suryakumar Yadav,Mumbai Indians,83,35,7,6,Vijaykumar Vyshak,,64
54,4,Nehal Wadhera,Mumbai Indians,52,34,4,3,Not Out,,34
54,5,Tim David,Mumbai Indians,0,1,0,0,Vijaykumar Vyshak,,0
54,6,Cameron Green,Mumbai Indians,2,2,0,0,Not Out,,0
55,1,Ruturaj Gaikwad,Chennai Super Kings,24,18,4,0,Axar Patel,,16
55,2,Devon Conway,Chennai Super Kings,10,13,1,0,Axar Patel,,4
55,3,Ajinkya Rahane,Chennai Super Kings,21,20,2,0,Lalit Yadav,,8
55,4,Moeen Ali,Chennai Super Kings,7,12,0,0,Kuldeep Yadav,,0
55,5,Shivam Dube,Chennai Super Kings,25,12,0,3,Mitchell Marsh,,18
55,6,Ambati Rayudu,Chennai Super Kings,23,17,1,1,Khaleel Ahmed,,10
55,7,Ravindra Jadeja,Chennai Super Kings,21,16,1,1,Mitchell Marsh,,10
55,8,MS Dhoni,Chennai Super Kings,20,9,1,2,Mitchell Marsh,,16
55,9,Deepak Chahar,Chennai Super Kings,1,2,0,0,Not Out,,0
55,10,Tushar Deshpande,Chennai Super Kings,0,1,0,0,Not Out,,0
55,1,David Warner,Delhi Capitals,0,2,0,0,Deepak Chahar,,0
55,2,Philip Salt,Delhi Capitals,17,11,1,2,Deepak Chahar,,16
55,3,Mitchell Marsh,Delhi Capitals,5,4,1,0,Run Out,,4
55,4,Manish Pandey,Delhi Capitals,27,29,1,2,Matheesha Pathirana,,16
55,5,Rilee Rossouw,Delhi Capitals,35,37,2,1,Ravindra Jadeja,,14
55,6,Ripal Patel,Delhi Capitals,10,16,0,0,Run Out,,0
55,7,Axar Patel,Delhi Capitals,21,12,2,1,Matheesha Pathirana,,14
55,8,Aman Hakim Khan,Delhi Capitals,2,3,0,0,Not Out,,0
55,9,Lalit Yadav,Delhi Capitals,12,5,3,0,Matheesha Pathirana,,12
55,10,Kuldeep Yadav,Delhi Capitals,0,1,0,0,Not Out,,0
56,1,Jason Roy,Kolkata Knight Riders,10,8,2,0,Trent Boult,,8
56,2,Rahmanullah Gurbaz,Kolkata Knight Riders,18,12,1,2,Trent Boult,,16
56,3,Venkatesh Iyer,Kolkata Knight Riders,57,42,2,4,Yuzvendra Chahal,,32
56,4,Nitish Rana,Kolkata Knight Riders,22,17,2,0,Yuzvendra Chahal,,8
56,5,Andre Russell,Kolkata Knight Riders,10,10,0,1,KM Asif,,6
56,6,Rinku Singh,Kolkata Knight Riders,16,18,0,1,Yuzvendra Chahal,,6
56,7,Shardul Thakur,Kolkata Knight Riders,1,2,0,0,Yuzvendra Chahal,,0
56,8,Anukul Roy,Kolkata Knight Riders,6,6,0,0,Not Out,,0
56,9,Sunil Narine,Kolkata Knight Riders,6,5,1,0,Sandeep Sharma,,4
56,1,Yashasvi Jaiswal,Rajasthan Royals,98,47,13,5,Not Out,,82
56,2,Jos Buttler,Rajasthan Royals,0,3,0,0,Run Out,,0
56,3,Sanju Samson,Rajasthan Royals,48,29,2,5,Not Out,,38
57,1,Ishan Kishan,Mumbai Indians,31,20,4,1,Rashid Khan,,22
57,2,Rohit Sharma,Mumbai Indians,29,18,3,2,Rashid Khan,,24
57,3,Suryakumar Yadav,Mumbai Indians,103,49,11,6,Not Out,,80
57,4,Nehal Wadhera,Mumbai Indians,15,7,1,1,Rashid Khan,,10
57,5,Vishnu Vinod,Mumbai Indians,30,20,2,2,Mohit Sharma,,20
57,6,Tim David,Mumbai Indians,5,3,1,0,Rashid Khan,,4
57,7,Cameron Green,Mumbai Indians,3,3,0,0,Not Out,,0
57,1,Wriddhiman Saha,Gujarat Titans,2,5,0,0,Akash Madhwal,,0
57,2,Shubman Gill,Gujarat Titans,6,9,0,0,Akash Madhwal,,0
57,3,Hardik Pandya,Gujarat Titans,4,3,1,0,Jason Behrendorff,,4
57,4,Vijay Shankar,Gujarat Titans,29,14,6,0,Piyush Chawla,,24
57,5,David Miller,Gujarat Titans,41,26,4,2,Akash Madhwal,,28
57,6,Abhinav Manohar,Gujarat Titans,2,3,0,0,Kumar Kartikeya,,0
57,7,Rahul Tewatia,Gujarat Titans,14,13,1,0,Piyush Chawla,,4
57,8,Rashid Khan,Gujarat Titans,79,32,3,10,Not Out,,72
57,9,Noor Ahmad,Gujarat Titans,1,3,0,0,Kumar Kartikeya,,0
57,10,Alzarri Joseph,Gujarat Titans,7,12,1,0,Not Out,,4
58,1,Anmolpreet Singh,Sunrisers Hyderabad,36,27,7,0,Amit Mishra,,28
58,2,Abhishek Sharma,Sunrisers Hyderabad,7,5,1,0,Yudhvir Singh,,4
58,3,Rahul Tripathi,Sunrisers Hyderabad,20,13,4,0,Yash Thakur,,16
58,4,Aiden Markram,Sunrisers Hyderabad,28,20,2,1,Krunal Pandya,,14
58,5,Heinrich Klaasen,Sunrisers Hyderabad,47,29,3,3,Avesh Khan,,30
58,6,Glenn Phillips,Sunrisers Hyderabad,0,1,0,0,Krunal Pandya,,0
58,7,Abdul Samad,Sunrisers Hyderabad,37,25,1,4,Not Out,,28
58,8,Bhuvneshwar Kumar,Sunrisers Hyderabad,2,1,0,0,Not Out,,0
58,1,Kyle Mayers,Lucknow Super Giants,2,14,0,0,Glenn Phillips,,0
58,2,Quinton de Kock,Lucknow Super Giants,29,19,3,1,Mayank Markande,,18
58,3,Prerak Mankad,Lucknow Super Giants,64,45,7,2,Not Out,,40
58,4,Marcus Stoinis,Lucknow Super Giants,40,25,2,3,Abhishek Sharma,,26
58,5,Nicholas Pooran,Lucknow Super Giants,44,13,3,4,Not Out,,36
59,1,Prabhsimran Singh,Punjab Kings,103,65,10,6,Mukesh Kumar,,76
59,2,Shikhar Dhawan,Punjab Kings,7,5,0,1,Ishant Sharma,,6
59,3,Liam Livingstone,Punjab Kings,4,5,1,0,Ishant Sharma,,4
59,4,Jitesh Sharma,Punjab Kings,5,5,1,0,Axar Patel,,4
59,5,Sam Curran,Punjab Kings,20,24,1,0,Praveen Dubey,,4
59,6,Harpreet Brar,Punjab Kings,2,5,0,0,Kuldeep Yadav,,0
59,7,Shahrukh Khan,Punjab Kings,2,4,0,0,Run Out,,0
59,8,Sikandar Raza,Punjab Kings,11,7,0,1,Not Out,,6
59,9,Rishi Dhawan,Punjab Kings,0,0,0,0,Not Out,,0
59,1,David Warner,Delhi Capitals,54,27,10,1,Harpreet Brar,,46
59,2,Philip Salt,Delhi Capitals,21,17,3,0,Harpreet Brar,,12
59,3,Mitchell Marsh,Delhi Capitals,3,4,0,0,Rahul Chahar,,0
59,4,Rilee Rossouw,Delhi Capitals,5,5,1,0,Harpreet Brar,,4
59,5,Axar Patel,Delhi Capitals,1,2,0,0,Rahul Chahar,,0
59,6,Manish Pandey,Delhi Capitals,0,3,0,0,Harpreet Brar,,0
59,7,Aman Hakim Khan,Delhi Capitals,16,18,1,1,Nathan Ellis,,10
59,8,Praveen Dubey,Delhi Capitals,16,20,2,0,Nathan Ellis,,8
59,9,Kuldeep Yadav,Delhi Capitals,10,17,0,0,Not Out,,0
59,10,Mukesh Kumar,Delhi Capitals,6,7,0,0,Not Out,,0
60,1,Virat Kohli,Royal Challengers Bangalore,18,19,1,0,KM Asif,,4
60,2,Faf du Plessis,Royal Challengers Bangalore,55,44,3,2,KM Asif,,24
60,3,Glenn Maxwell,Royal Challengers Bangalore,54,33,5,3,Sandeep Sharma,,38
60,4,Mahipal Lomror,Royal Challengers Bangalore,1,2,0,0,Adam Zampa,,0
60,5,Dinesh Karthik,Royal Challengers Bangalore,0,2,0,0,Adam Zampa,,0
60,6,Michael Bracewell,Royal Challengers Bangalore,9,9,0,0,Not Out,,0
60,7,Anuj Rawat,Royal Challengers Bangalore,29,11,3,2,Not Out,,24
60,1,Yashasvi Jaiswal,Rajasthan Royals,0,2,0,0,Mohammed Siraj,,0
60,2,Jos Buttler,Rajasthan Royals,0,2,0,0,Wayne Parnell,,0
60,3,Sanju Samson,Rajasthan Royals,4,5,1,0,Wayne Parnell,,4
60,4,Joe Root,Rajasthan Royals,10,15,1,0,Wayne Parnell,,4
60,5,Devdutt Padikkal,Rajasthan Royals,4,4,1,0,Michael Bracewell,,4
60,6,Shimron Hetmyer,Rajasthan Royals,35,19,1,4,Glenn Maxwell,,28
60,7,Dhruv Jurel,Rajasthan Royals,1,7,0,0,Michael Bracewell,,0
60,8,Ravichandran Ashwin,Rajasthan Royals,0,0,0,0,Run Out,,0
60,9,Adam Zampa,Rajasthan Royals,2,6,0,0,Karn Sharma,,0
60,10,Sandeep Sharma,Rajasthan Royals,0,1,0,0,Not Out,,0
60,11,KM Asif,Rajasthan Royals,0,2,0,0,Karn Sharma,,0
61,1,Ruturaj Gaikwad,Chennai Super Kings,17,13,2,0,Varun Chakaravarthy,,8
61,2,Devon Conway,Chennai Super Kings,30,28,3,0,Shardul Thakur,,12
61,3,Ajinkya Rahane,Chennai Super Kings,16,11,1,1,Varun Chakaravarthy,,10
61,4,Ambati Rayudu,Chennai Super Kings,4,7,0,0,Sunil Narine,,0
61,5,Shivam Dube,Chennai Super Kings,48,34,1,3,Not Out,,22
61,6,Moeen Ali,Chennai Super Kings,1,2,0,0,Sunil Narine,,0
61,7,Ravindra Jadeja,Chennai Super Kings,20,24,0,1,Vaibhav Arora,,6
61,8,MS Dhoni,Chennai Super Kings,2,3,0,0,Not Out,,0
61,1,Jason Roy,Kolkata Knight Riders,12,15,1,0,Deepak Chahar,,4
61,2,Rahmanullah Gurbaz,Kolkata Knight Riders,1,4,0,0,Deepak Chahar,,0
61,3,Venkatesh Iyer,Kolkata Knight Riders,9,4,2,0,Deepak Chahar,,8
61,4,Nitish Rana,Kolkata Knight Riders,57,44,6,1,Not Out,,30
61,5,Rinku Singh,Kolkata Knight Riders,54,43,4,3,Run Out,,34
61,6,Andre Russell,Kolkata Knight Riders,2,2,0,0,Not Out,,0
62,1,Wriddhiman Saha,Gujarat Titans,0,3,0,0,Bhuvneshwar Kumar,,0
62,2,Shubman Gill,Gujarat Titans,101,58,13,1,Bhuvneshwar Kumar,,58
62,3,Sai Sudharsan,Gujarat Titans,47,36,6,1,Marco Jansen,,30
62,4,Hardik Pandya,Gujarat Titans,8,6,1,0,Bhuvneshwar Kumar,,4
62,5,David Miller,Gujarat Titans,7,5,1,0,T Natarajan,,4
62,6,Rahul Tewatia,Gujarat Titans,3,3,0,0,Fazalhaq Farooqi,,0
62,7,Dasun Shanaka,Gujarat Titans,9,7,1,0,Not Out,,4
62,8,Rashid Khan,Gujarat Titans,0,1,0,0,Bhuvneshwar Kumar,,0
62,9,Noor Ahmad,Gujarat Titans,0,1,0,0,Run Out,,0
62,10,Mohammed Shami,Gujarat Titans,0,1,0,0,Bhuvneshwar Kumar,,0
62,11,Mohit Sharma,Gujarat Titans,0,1,0,0,Not Out,,0
62,1,Anmolpreet Singh,Sunrisers Hyderabad,5,4,1,0,Mohammed Shami,,4
62,2,Abhishek Sharma,Sunrisers Hyderabad,4,5,1,0,Yash Dayal,,4
62,3,Aiden Markram,Sunrisers Hyderabad,10,10,1,0,Mohammed Shami,,4
62,4,Rahul Tripathi,Sunrisers Hyderabad,1,2,0,0,Mohammed Shami,,0
62,5,Heinrich Klaasen,Sunrisers Hyderabad,64,44,4,3,Mohammed Shami,,34
62,6,Sanvir Singh,Sunrisers Hyderabad,7,6,0,1,Mohit Sharma,,6
62,7,Abdul Samad,Sunrisers Hyderabad,4,3,1,0,Mohit Sharma,,4
62,8,Marco Jansen,Sunrisers Hyderabad,3,6,0,0,Mohit Sharma,,0
62,9,Bhuvneshwar Kumar,Sunrisers Hyderabad,27,26,3,0,Mohit Sharma,,12
62,10,Mayank Markande,Sunrisers Hyderabad,18,9,2,1,Not Out,,14
62,11,Fazalhaq Farooqi,Sunrisers Hyderabad,1,5,0,0,Not Out,,0
63,1,Deepak Hooda,Lucknow Super Giants,5,7,0,0,Jason Behrendorff,,0
63,2,Quinton de Kock,Lucknow Super Giants,16,15,0,2,Piyush Chawla,,12
63,3,Prerak Mankad,Lucknow Super Giants,0,1,0,0,Jason Behrendorff,,0
63,4,Krunal Pandya,Lucknow Super Giants,49,42,1,1,Retd Hurt,,10
63,5,Marcus Stoinis,Lucknow Super Giants,89,47,4,8,Not Out,,64
63,6,Nicholas Pooran,Lucknow Super Giants,8,8,1,0,Not Out,,4
63,1,Ishan Kishan,Mumbai Indians,59,39,8,1,Ravi Bishnoi,,38
63,2,Rohit Sharma,Mumbai Indians,37,25,1,3,Ravi Bishnoi,,22
63,3,Suryakumar Yadav,Mumbai Indians,7,9,0,0,Yash Thakur,,0
63,4,Nehal Wadhera,Mumbai Indians,16,20,2,0,Mohsin Khan,,8
63,5,Vishnu Vinod,Mumbai Indians,2,4,0,0,Not Out,,0
63,6,Tim David,Mumbai Indians,32,19,1,3,Yash Thakur,,22
63,7,Cameron Green,Mumbai Indians,4,6,0,0,Not Out,,0
64,1,David Warner,Delhi Capitals,46,31,5,2,Sam Curran,,32
64,2,Prithvi Shaw,Delhi Capitals,54,38,7,1,Sam Curran,,34
64,3,Rilee Rossouw,Delhi Capitals,82,37,6,6,Not Out,,60
64,4,Philip Salt,Delhi Capitals,26,14,2,2,Not Out,,20
64,1,Prabhsimran Singh,Punjab Kings,22,19,4,0,Axar Patel,,16
64,2,Shikhar Dhawan,Punjab Kings,0,1,0,0,Ishant Sharma,,0
64,3,Atharva Taide,Punjab Kings,55,42,5,2,Retd Hurt,,32
64,4,Liam Livingstone,Punjab Kings,94,48,5,9,Ishant Sharma,,74
64,5,Jitesh Sharma,Punjab Kings,0,3,0,0,Anrich Nortje,,0
64,6,Shahrukh Khan,Punjab Kings,6,3,0,1,Khaleel Ahmed,,6
64,7,Sam Curran,Punjab Kings,11,5,1,1,Anrich Nortje,,10
64,8,Harpreet Brar,Punjab Kings,0,1,0,0,Run Out,,0
64,9,Rahul Chahar,Punjab Kings,0,0,0,0,Not Out,,0
65,1,Abhishek Sharma,Sunrisers Hyderabad,11,14,2,0,Michael Bracewell,,8
65,2,Rahul Tripathi,Sunrisers Hyderabad,15,12,2,1,Michael Bracewell,,14
65,3,Aiden Markram,Sunrisers Hyderabad,18,20,0,0,Shahbaz Ahmed,,0
65,4,Heinrich Klaasen,Sunrisers Hyderabad,104,51,8,6,Harshal Patel,,68
65,5,Harry Brook,Sunrisers Hyderabad,27,19,2,1,Not Out,,14
65,6,Glenn Phillips,Sunrisers Hyderabad,5,4,1,0,Mohammed Siraj,,4
65,1,Virat Kohli,Royal Challengers Bangalore,100,63,12,4,Bhuvneshwar Kumar,,72
65,2,Faf du Plessis,Royal Challengers Bangalore,71,47,7,2,T Natarajan,,40
65,3,Glenn Maxwell,Royal Challengers Bangalore,5,3,1,0,Not Out,,4
65,4,Michael Bracewell,Royal Challengers Bangalore,4,4,0,0,Not Out,,0
66,1,Prabhsimran Singh,Punjab Kings,2,2,0,0,Trent Boult,,0
66,2,Shikhar Dhawan,Punjab Kings,17,12,2,1,Adam Zampa,,14
66,3,Atharva Taide,Punjab Kings,19,12,3,1,Navdeep Saini,,18
66,4,Liam Livingstone,Punjab Kings,9,13,1,0,Navdeep Saini,,4
66,5,Sam Curran,Punjab Kings,49,31,4,2,Not Out,,28
66,6,Jitesh Sharma,Punjab Kings,44,28,3,3,Navdeep Saini,,30
66,7,Shahrukh Khan,Punjab Kings,41,23,4,2,Not Out,,28
66,1,Yashasvi Jaiswal,Rajasthan Royals,50,36,8,0,Nathan Ellis,,32
66,2,Jos Buttler,Rajasthan Royals,0,4,0,0,Kagiso Rabada,,0
66,3,Devdutt Padikkal,Rajasthan Royals,51,30,5,3,Arshdeep Singh,,38
66,4,Sanju Samson,Rajasthan Royals,2,3,0,0,Rahul Chahar,,0
66,5,Shimron Hetmyer,Rajasthan Royals,46,28,4,3,Sam Curran,,34
66,6,Riyan Parag,Rajasthan Royals,20,12,1,2,Kagiso Rabada,,16
66,7,Dhruv Jurel,Rajasthan Royals,10,4,0,1,Not Out,,6
66,8,Trent Boult,Rajasthan Royals,1,2,0,0,Not Out,,0
67,1,Ruturaj Gaikwad,Chennai Super Kings,79,50,3,7,Chetan Sakariya,,54
67,2,Devon Conway,Chennai Super Kings,87,52,11,3,Anrich Nortje,,62
67,3,Shivam Dube,Chennai Super Kings,22,9,0,3,Khaleel Ahmed,,18
67,4,MS Dhoni,Chennai Super Kings,5,4,0,0,Not Out,,0
67,5,Ravindra Jadeja,Chennai Super Kings,20,7,3,1,Not Out,,18
67,1,Prithvi Shaw,Delhi Capitals,5,7,1,0,Tushar Deshpande,,4
67,2,David Warner,Delhi Capitals,86,58,7,5,Matheesha Pathirana,,58
67,3,Philip Salt,Delhi Capitals,3,6,0,0,Deepak Chahar,,0
67,4,Rilee Rossouw,Delhi Capitals,0,1,0,0,Deepak Chahar,,0
67,5,Yash Dhull,Delhi Capitals,13,15,1,0,Ravindra Jadeja,,4
67,6,Axar Patel,Delhi Capitals,15,8,1,1,Deepak Chahar,,10
67,7,Aman Hakim Khan,Delhi Capitals,7,9,1,0,Matheesha Pathirana,,4
67,8,Lalit Yadav,Delhi Capitals,6,12,0,0,Maheesh Theekshana,,0
67,9,Anrich Nortje,Delhi Capitals,0,1,0,0,Not Out,,0
67,10,Kuldeep Yadav,Delhi Capitals,0,1,0,0,Maheesh Theekshana,,0
67,11,Chetan Sakariya,Delhi Capitals,0,2,0,0,Not Out,,0
68,1,Karan Sharma,Lucknow Super Giants,3,5,0,0,Harshit Rana,,0
68,2,Quinton de Kock,Lucknow Super Giants,28,27,0,2,Varun Chakaravarthy,,12
68,3,Prerak Mankad,Lucknow Super Giants,26,20,5,0,Vaibhav Arora,,20
68,4,Marcus Stoinis,Lucknow Super Giants,0,2,0,0,Vaibhav Arora,,0
68,5,Krunal Pandya,Lucknow Super Giants,9,8,0,1,Sunil Narine,,6
68,6,Krunal Pandya,Lucknow Super Giants,25,21,2,1,Sunil Narine,,14
68,7,Nicholas Pooran,Lucknow Super Giants,58,30,4,5,Shardul Thakur,,46
68,8,Krishnappa Gowtham,Lucknow Super Giants,11,4,1,1,Not Out,,10
68,9,Ravi Bishnoi,Lucknow Super Giants,2,2,0,0,Shardul Thakur,,0
68,10,Naveen-ul-Haq,Lucknow Super Giants,2,3,0,0,Not Out,,0
68,1,Jason Roy,Kolkata Knight Riders,45,28,7,1,Krunal Pandya,,34
68,2,Venkatesh Iyer,Kolkata Knight Riders,24,15,3,1,Krishnappa Gowtham,,18
68,3,Nitish Rana,Kolkata Knight Riders,8,10,1,0,Yash Thakur,,4
68,4,Rahmanullah Gurbaz,Kolkata Knight Riders,10,15,0,0,Yash Thakur,,0
68,5,Rinku Singh,Kolkata Knight Riders,67,33,6,4,Not Out,,48
68,6,Andre Russell,Kolkata Knight Riders,7,9,0,1,Ravi Bishnoi,,6
68,7,Shardul Thakur,Kolkata Knight Riders,3,7,0,0,Yash Thakur,,0
68,8,Sunil Narine,Kolkata Knight Riders,1,2,0,0,Run Out,,0
68,9,Vaibhav Arora,Kolkata Knight Riders,1,1,0,0,Not Out,,0
69,1,Vivrant Sharma,Sunrisers Hyderabad,69,47,9,2,Akash Madhwal,,48
69,2,Mayank Agarwal,Sunrisers Hyderabad,83,46,8,4,Akash Madhwal,,56
69,3,Heinrich Klaasen,Sunrisers Hyderabad,18,13,2,0,Akash Madhwal,,8
69,4,Glenn Phillips,Sunrisers Hyderabad,1,4,0,0,Chris Jordan,,0
69,5,Aiden Markram,Sunrisers Hyderabad,13,7,0,1,Not Out,,6
69,6,Harry Brook,Sunrisers Hyderabad,0,1,0,0,Akash Madhwal,,0
69,7,Sanvir Singh,Sunrisers Hyderabad,4,3,1,0,Not Out,,4
69,1,Ishan Kishan,Mumbai Indians,14,12,1,1,Bhuvneshwar Kumar,,10
69,2,Rohit Sharma,Mumbai Indians,56,37,8,1,Mayank Dagar,,38
69,3,Cameron Green,Mumbai Indians,100,47,8,8,Not Out,,80
69,4,Suryakumar Yadav,Mumbai Indians,25,16,4,0,Not Out,,16
70,1,Virat Kohli,Royal Challengers Bangalore,101,61,13,1,Not Out,,58
70,2,Faf du Plessis,Royal Challengers Bangalore,28,19,5,0,Noor Ahmad,,20
70,3,Glenn Maxwell,Royal Challengers Bangalore,11,5,1,1,Rashid Khan,,10
70,4,Mahipal Lomror,Royal Challengers Bangalore,1,3,0,0,Noor Ahmad,,0
70,5,Michael Bracewell,Royal Challengers Bangalore,26,16,5,0,Mohammed Shami,,20
70,6,Dinesh Karthik,Royal Challengers Bangalore,0,1,0,0,Yash Dayal,,0
70,7,Anuj Rawat,Royal Challengers Bangalore,23,15,1,1,Not Out,,10
70,1,Wriddhiman Saha,Gujarat Titans,12,14,2,0,Mohammed Siraj,,8
70,2,Shubman Gill,Gujarat Titans,104,52,5,8,Not Out,,68
70,3,Vijay Shankar,Gujarat Titans,53,35,7,2,Vijaykumar Vyshak,,40
70,4,Dasun Shanaka,Gujarat Titans,0,3,0,0,Harshal Patel,,0
70,5,David Miller,Gujarat Titans,6,7,1,0,Mohammed Siraj,,4
70,6,Rahul Tewatia,Gujarat Titans,4,5,0,0,Not Out,,0
71,1,Ruturaj Gaikwad,Chennai Super Kings,60,44,7,1,out,,34
71,2,Conway,Chennai Super Kings,40,34,4,0,out,,16
71,3,Shivam Dube,Chennai Super Kings,1,3,0,0,out,,0
71,4,Ajinkya Rahane,Chennai Super Kings,17,10,0,1,out,,6
71,5,Rayudu,Chennai Super Kings,17,9,1,1,out,,10
71,6,Ravindra Jadeja,Chennai Super Kings,22,16,2,0,out,,8
71,7,Dhoni,Chennai Super Kings,1,2,0,0,out,,0
71,8,Moeen,Chennai Super Kings,9,4,0,1,not out,,6
71,1,Wriddhiman Saha,Gujarat Titans,12,11,2,0,out,,8
71,2,Shubman Gill,Gujarat Titans,42,38,4,1,out,,22
71,3,Hardik Pandya,Gujarat Titans,8,7,1,0,out,,4
71,4,Dasun Shanaka,Gujarat Titans,17,16,1,1,out,,10
71,5,David Miller,Gujarat Titans,4,6,0,0,out,,0
71,6,Vijay Shankar,Gujarat Titans,14,10,0,1,out,,6
71,7,Rahul Tewatia,Gujarat Titans,3,5,0,0,out,,0
71,8,Rashid Khan,Gujarat Titans,30,16,3,2,out,,24
71,9,Darshan Nalkande,Gujarat Titans,0,1,0,0,out,,0
71,10,Noor Ahmad,Gujarat Titans,7,5,1,0,Not Out,,4
71,11,Mohammed Shami,Gujarat Titans,5,5,1,0,out,,4
72,1,Ishan Kishan,Mumbai Indians,15,12,3,0,out,,12
72,2,Rohit,Mumbai Indians,11,10,1,1,out,,10
72,3,Green,Mumbai Indians,41,23,6,1,out,,30
72,4,Suryakumar Yadav,Mumbai Indians,33,20,2,2,out,,20
72,5,Tilak Varma,Mumbai Indians,26,22,0,2,out,,12
72,6,Tim David,Mumbai Indians,13,13,1,0,out,,4
72,7,Nehal Wadhera,Mumbai Indians,23,12,2,2,out,,20
72,8,Chris Jordan,Mumbai Indians,4,7,0,0,out,,0
72,9,Hrithik Shokeen,Mumbai Indians,0,1,0,0,not out,,0
72,1,Kyle Mayers,Lucknow Super Giants,18,13,3,0,out,,12
72,2,Prerak Mankad,Lucknow Super Giants,3,6,0,0,out,,0
72,3,Krunal Pandya,Lucknow Super Giants,8,11,1,0,out,,4
72,4,Marcus Stoinis,Lucknow Super Giants,40,27,5,1,out,,26
72,5,Ayush Badoni,Lucknow Super Giants,1,7,0,0,out,,0
72,6,Nicholas Pooran,Lucknow Super Giants,0,1,0,0,out,,0
72,7,Deepak Hooda,Lucknow Super Giants,15,13,0,1,out,,6
72,8,Krishnappa Gowtham,Lucknow Super Giants,2,3,0,0,out,,0
72,9,Ravi Bishnoi,Lucknow Super Giants,3,6,0,0,out,,0
72,10,Naveen-ul-Haq,Lucknow Super Giants,1,5,0,0,not out,,0
72,11,Mohsin Khan,Lucknow Super Giants,0,7,0,0,out,,0
73,1,W Saha,Gujarat Titans,18,16,3,0,out,,12
73,2,Shubman Gill,Gujarat Titans,129,60,7,10,out,,88
73,3,Sai Sudharsan,Gujarat Titans,43,31,5,1,out,,26
73,4,Hardik Pandya,Gujarat Titans,28,13,2,2,not out,,20
73,5,Rashid Khan,Gujarat Titans,5,2,1,0,not out,,4
73,1,Rohit Sharma,Mumbai Indians,8,7,1,0,out,,4
73,2,Nehal Wadhera,Mumbai Indians,4,3,1,0,out,,4
73,3,Cameron Green,Mumbai Indians,30,20,2,2,out,,20
73,4,Suryakumar Yadav,Mumbai Indians,61,38,7,2,out,,40
73,5,Tilak Varma,Mumbai Indians,43,14,5,3,out,,38
73,6,Vishnu Vinod,Mumbai Indians,5,7,0,0,out,,0
73,7,Tim David,Mumbai Indians,2,3,0,0,out,,0
73,8,Chris Jordan,Mumbai Indians,2,5,0,0,out,,0
73,9,Piyush Chawla,Mumbai Indians,0,2,0,0,out,,0
73,10,Kumar Kartikeya,Mumbai Indians,6,7,1,0,out,,4
73,11,Jason Behrendorff,Mumbai Indians,3,5,0,0,not out,,0
74,1,W Saha,Gujarat Titans,54,39,5,1,out,,26
74,2,Shubman Gill,Gujarat Titans,39,20,7,0,out,,28
74,3,Sai Sudharsan,Gujarat Titans,96,47,8,6,out,,68
74,4,Hardik Pandya,Gujarat Titans,21,12,0,2,not out,,12
74,5,Rashid Khan,Gujarat Titans,0,2,0,0,out,,0
74,1,Ruturaj Gaikwad,Chennai Super Kings,26,16,3,1,out,,18
74,2,Devon Conway,Chennai Super Kings,47,25,4,2,out,,28
74,3,Shivam Dube,Chennai Super Kings,32,21,0,2,not out,,12
74,4,Ajinkya Rahane,Chennai Super Kings,27,13,2,2,out,,20
74,5,Ambati Rayudu,Chennai Super Kings,19,8,1,2,out,,16
74,6,MS Dhoni,Chennai Super Kings,0,1,0,0,out,,0
74,7,Ravindra Jadeja,Chennai Super Kings,15,15,1,1,not out,,10
